-- phpMyAdmin SQL Dump
-- version 4.6.5.2
-- https://www.phpmyadmin.net/
--
-- Host: 127.0.0.1
-- Generation Time: 20 Agu 2018 pada 03.26
-- Versi Server: 10.1.21-MariaDB
-- PHP Version: 5.6.30

SET SQL_MODE = "NO_AUTO_VALUE_ON_ZERO";
SET time_zone = "+00:00";


/*!40101 SET @OLD_CHARACTER_SET_CLIENT=@@CHARACTER_SET_CLIENT */;
/*!40101 SET @OLD_CHARACTER_SET_RESULTS=@@CHARACTER_SET_RESULTS */;
/*!40101 SET @OLD_COLLATION_CONNECTION=@@COLLATION_CONNECTION */;
/*!40101 SET NAMES utf8mb4 */;

--
-- Database: `es_jantung2`
--

-- --------------------------------------------------------

--
-- Struktur dari tabel `tb_diagnosa`
--

CREATE TABLE `tb_diagnosa` (
  `id_diagnosa` int(5) NOT NULL,
  `nama_diagnosa` varchar(20) NOT NULL,
  `score` float NOT NULL,
  `keterangan` text NOT NULL
) ENGINE=InnoDB DEFAULT CHARSET=latin1;

--
-- Dumping data untuk tabel `tb_diagnosa`
--

INSERT INTO `tb_diagnosa` (`id_diagnosa`, `nama_diagnosa`, `score`, `keterangan`) VALUES
(2, 'RENDAH', 10, ''),
(3, 'SEDANG', 20, ''),
(4, 'TINGGI', 100, '');

-- --------------------------------------------------------

--
-- Struktur dari tabel `tb_hasil`
--

CREATE TABLE `tb_hasil` (
  `id_hasil` int(11) NOT NULL,
  `id_periksa` int(10) NOT NULL,
  `id_diagnosa` int(5) NOT NULL,
  `z_score` float NOT NULL
) ENGINE=InnoDB DEFAULT CHARSET=latin1;

--
-- Dumping data untuk tabel `tb_hasil`
--

INSERT INTO `tb_hasil` (`id_hasil`, `id_periksa`, `id_diagnosa`, `z_score`) VALUES
(96, 3, 4, 60),
(97, 4, 4, 60),
(100, 7, 2, 10),
(101, 8, 4, 100),
(102, 9, 4, 100),
(103, 10, 4, 100),
(104, 11, 4, 55),
(105, 12, 4, 77.091),
(106, 13, 4, 100),
(107, 14, 4, 60),
(108, 15, 4, 60),
(109, 16, 2, 10),
(110, 17, 4, 100),
(111, 18, 4, 60),
(112, 19, 4, 60),
(113, 20, 4, 60),
(114, 21, 4, 100),
(115, 22, 4, 52),
(116, 23, 4, 43.3333),
(117, 24, 4, 60),
(118, 25, 4, 100),
(119, 26, 4, 60),
(120, 27, 4, 70),
(121, 28, 2, 10),
(122, 29, 4, 100),
(123, 30, 4, 60),
(124, 31, 4, 60),
(126, 33, 4, 60),
(127, 34, 4, 55),
(128, 35, 4, 100),
(129, 36, 4, 60),
(130, 37, 2, 10),
(131, 38, 4, 100),
(132, 39, 4, 100),
(133, 40, 2, 10),
(134, 41, 4, 48.7253),
(135, 42, 4, 64),
(136, 43, 4, 60),
(137, 44, 4, 60),
(138, 45, 4, 92),
(139, 46, 3, 14),
(140, 47, 2, 10),
(141, 48, 2, 10),
(142, 49, 2, 10),
(143, 50, 4, 100),
(144, 51, 4, 60),
(145, 52, 4, 100),
(146, 60, 4, 100),
(147, 61, 4, 92),
(148, 62, 4, 100),
(149, 67, 4, 100),
(150, 68, 4, 60),
(151, 70, 4, 60),
(152, 71, 2, 10),
(153, 72, 4, 100),
(154, 76, 4, 60),
(155, 79, 4, 60),
(156, 80, 4, 92),
(157, 81, 4, 100),
(158, 86, 4, 60),
(159, 87, 2, 10),
(160, 91, 3, 15),
(161, 93, 4, 44),
(162, 98, 4, 100),
(163, 103, 2, 10),
(164, 104, 3, 20),
(165, 106, 4, 60),
(166, 107, 2, 10),
(167, 109, 2, 10),
(168, 112, 4, 100),
(169, 113, 2, 10),
(170, 114, 2, 10),
(171, 119, 4, 60),
(172, 120, 2, 10),
(173, 121, 4, 60),
(174, 122, 2, 10),
(175, 123, 2, 10),
(176, 125, 4, 86.6667),
(188, 32, 4, 84),
(193, 127, 4, 52),
(199, 5, 3, 15),
(200, 6, 4, 73.7313),
(217, 2, 2, 10);

-- --------------------------------------------------------

--
-- Struktur dari tabel `tb_hasil_periksa`
--

CREATE TABLE `tb_hasil_periksa` (
  `id_hasil_periksa` int(11) NOT NULL,
  `id_periksa` int(10) NOT NULL,
  `id_variabel` int(4) NOT NULL,
  `id_keanggotaan` int(10) NOT NULL,
  `mem_func` float NOT NULL
) ENGINE=InnoDB DEFAULT CHARSET=latin1;

--
-- Dumping data untuk tabel `tb_hasil_periksa`
--

INSERT INTO `tb_hasil_periksa` (`id_hasil_periksa`, `id_periksa`, `id_variabel`, `id_keanggotaan`, `mem_func`) VALUES
(892, 3, 1, 17, 1),
(893, 3, 2, 13, 1),
(894, 3, 2, 14, 1),
(895, 3, 3, 3, 1),
(896, 3, 3, 4, 1),
(897, 3, 4, 15, 1),
(898, 3, 5, 8, 1),
(899, 3, 6, 5, 1),
(900, 3, 7, 10, 0.33),
(901, 3, 7, 11, 0.67),
(902, 4, 1, 17, 1),
(903, 4, 2, 13, 1),
(904, 4, 2, 14, 1),
(905, 4, 3, 3, 1),
(906, 4, 3, 4, 1),
(907, 4, 4, 15, 1),
(908, 4, 5, 7, 1),
(909, 4, 6, 6, 1),
(910, 4, 7, 10, 1),
(911, 4, 7, 11, 1),
(930, 7, 1, 18, 1),
(931, 7, 2, 12, 1),
(932, 7, 3, 3, 0.1),
(933, 7, 3, 4, 0.9),
(934, 7, 4, 16, 1),
(935, 7, 5, 8, 1),
(936, 7, 6, 6, 1),
(937, 7, 7, 10, 0.535),
(938, 7, 7, 11, 0.465),
(939, 8, 1, 17, 1),
(940, 8, 2, 13, 0.1),
(941, 8, 2, 14, 0.9),
(942, 8, 3, 3, 1),
(943, 8, 4, 15, 1),
(944, 8, 5, 7, 1),
(945, 8, 6, 5, 1),
(946, 8, 7, 9, 0.00227273),
(947, 8, 7, 10, 0.997727),
(948, 9, 1, 17, 1),
(949, 9, 2, 14, 1),
(950, 9, 3, 3, 1),
(951, 9, 3, 4, 1),
(952, 9, 4, 15, 1),
(953, 9, 5, 8, 1),
(954, 9, 6, 5, 1),
(955, 9, 7, 10, 1),
(956, 9, 7, 11, 1),
(957, 10, 1, 17, 1),
(958, 10, 2, 13, 1),
(959, 10, 2, 14, 1),
(960, 10, 3, 3, 1),
(961, 10, 3, 4, 1),
(962, 10, 4, 15, 1),
(963, 10, 5, 7, 1),
(964, 10, 6, 5, 1),
(965, 10, 7, 10, 1),
(966, 10, 7, 11, 1),
(967, 11, 1, 18, 1),
(968, 11, 2, 13, 1),
(969, 11, 2, 14, 1),
(970, 11, 3, 3, 1),
(971, 11, 3, 4, 1),
(972, 11, 4, 15, 1),
(973, 11, 5, 8, 1),
(974, 11, 6, 6, 1),
(975, 11, 7, 9, 0.659091),
(976, 11, 7, 10, 0.340909),
(977, 12, 1, 18, 1),
(978, 12, 2, 13, 1),
(979, 12, 2, 14, 1),
(980, 12, 3, 3, 1),
(981, 12, 3, 4, 1),
(982, 12, 4, 15, 1),
(983, 12, 5, 8, 1),
(984, 12, 6, 6, 1),
(985, 12, 7, 9, 0.254545),
(986, 12, 7, 10, 0.745455),
(987, 13, 1, 18, 1),
(988, 13, 2, 13, 1),
(989, 13, 2, 14, 1),
(990, 13, 3, 3, 0.75),
(991, 13, 3, 4, 0.25),
(992, 13, 4, 15, 1),
(993, 13, 5, 8, 1),
(994, 13, 6, 5, 1),
(995, 13, 7, 10, 0.7),
(996, 13, 7, 11, 0.3),
(997, 14, 1, 17, 1),
(998, 14, 2, 13, 1),
(999, 14, 2, 14, 1),
(1000, 14, 3, 3, 0.75),
(1001, 14, 3, 4, 0.25),
(1002, 14, 4, 16, 1),
(1003, 14, 5, 7, 1),
(1004, 14, 6, 5, 1),
(1005, 14, 7, 10, 1),
(1006, 14, 7, 11, 1),
(1007, 15, 1, 17, 1),
(1008, 15, 2, 13, 0.6),
(1009, 15, 2, 14, 0.4),
(1010, 15, 3, 3, 1),
(1011, 15, 3, 4, 1),
(1012, 15, 4, 15, 1),
(1013, 15, 5, 8, 1),
(1014, 15, 6, 5, 1),
(1015, 15, 7, 10, 1),
(1016, 15, 7, 11, 1),
(1017, 16, 1, 17, 1),
(1018, 16, 2, 12, 1),
(1019, 16, 3, 3, 0.5),
(1020, 16, 3, 4, 0.5),
(1021, 16, 4, 15, 1),
(1022, 16, 5, 7, 1),
(1023, 16, 6, 6, 1),
(1024, 16, 7, 10, 1),
(1025, 16, 7, 11, 1),
(1026, 17, 1, 18, 1),
(1027, 17, 2, 13, 1),
(1028, 17, 2, 14, 1),
(1029, 17, 3, 3, 0.55),
(1030, 17, 3, 4, 0.45),
(1031, 17, 4, 15, 1),
(1032, 17, 5, 8, 1),
(1033, 17, 6, 5, 1),
(1034, 17, 7, 10, 1),
(1035, 17, 7, 11, 1),
(1036, 18, 1, 17, 1),
(1037, 18, 2, 13, 0.7),
(1038, 18, 2, 14, 0.3),
(1039, 18, 3, 3, 1),
(1040, 18, 3, 4, 1),
(1041, 18, 4, 16, 1),
(1042, 18, 5, 7, 1),
(1043, 18, 6, 5, 1),
(1044, 18, 7, 10, 1),
(1045, 18, 7, 11, 1),
(1046, 19, 1, 17, 1),
(1047, 19, 2, 13, 1),
(1048, 19, 2, 14, 1),
(1049, 19, 3, 2, 0.8),
(1050, 19, 3, 3, 0.2),
(1051, 19, 4, 15, 1),
(1052, 19, 5, 7, 1),
(1053, 19, 6, 6, 1),
(1054, 19, 7, 10, 0.145),
(1055, 19, 7, 11, 0.855),
(1056, 20, 1, 17, 1),
(1057, 20, 2, 13, 1),
(1058, 20, 2, 14, 1),
(1059, 20, 3, 2, 1),
(1060, 20, 4, 16, 1),
(1061, 20, 5, 8, 1),
(1062, 20, 6, 5, 1),
(1063, 20, 7, 10, 1),
(1064, 20, 7, 11, 1),
(1065, 21, 1, 17, 1),
(1066, 21, 2, 13, 1),
(1067, 21, 2, 14, 1),
(1068, 21, 3, 4, 1),
(1069, 21, 4, 16, 1),
(1070, 21, 5, 7, 1),
(1071, 21, 6, 6, 1),
(1072, 21, 7, 9, 0.440909),
(1073, 21, 7, 10, 0.559091),
(1074, 22, 1, 17, 1),
(1075, 22, 2, 13, 0.6),
(1076, 22, 2, 14, 0.4),
(1077, 22, 3, 3, 1),
(1078, 22, 4, 16, 1),
(1079, 22, 5, 7, 1),
(1080, 22, 6, 6, 1),
(1081, 22, 7, 9, 0.677273),
(1082, 22, 7, 10, 0.322727),
(1083, 23, 1, 17, 1),
(1084, 23, 2, 13, 1),
(1085, 23, 2, 14, 1),
(1086, 23, 3, 3, 0.5),
(1087, 23, 3, 4, 0.5),
(1088, 23, 4, 15, 1),
(1089, 23, 5, 8, 1),
(1090, 23, 6, 6, 1),
(1091, 23, 7, 10, 1),
(1092, 23, 7, 11, 1),
(1093, 24, 1, 17, 1),
(1094, 24, 2, 13, 1),
(1095, 24, 2, 14, 1),
(1096, 24, 3, 2, 1),
(1097, 24, 4, 15, 1),
(1098, 24, 5, 7, 1),
(1099, 24, 6, 6, 1),
(1100, 24, 7, 10, 1),
(1101, 24, 7, 11, 1),
(1102, 25, 1, 17, 1),
(1103, 25, 2, 13, 0.1),
(1104, 25, 2, 14, 0.9),
(1105, 25, 3, 3, 1),
(1106, 25, 3, 4, 1),
(1107, 25, 4, 15, 1),
(1108, 25, 5, 7, 1),
(1109, 25, 6, 5, 1),
(1110, 25, 7, 10, 1),
(1111, 25, 7, 11, 1),
(1112, 26, 1, 17, 1),
(1113, 26, 2, 13, 1),
(1114, 26, 2, 14, 1),
(1115, 26, 3, 3, 0.95),
(1116, 26, 3, 4, 0.05),
(1117, 26, 4, 15, 1),
(1118, 26, 5, 8, 1),
(1119, 26, 6, 5, 1),
(1120, 26, 7, 9, 0.195455),
(1121, 26, 7, 10, 0.804545),
(1122, 27, 1, 17, 1),
(1123, 27, 2, 13, 0.5),
(1124, 27, 2, 14, 0.5),
(1125, 27, 3, 2, 0.3),
(1126, 27, 3, 3, 0.7),
(1127, 27, 4, 15, 1),
(1128, 27, 5, 7, 1),
(1129, 27, 6, 5, 1),
(1130, 27, 7, 10, 1),
(1131, 27, 7, 11, 1),
(1132, 28, 1, 18, 1),
(1133, 28, 2, 12, 0.333333),
(1134, 28, 2, 13, 0.666667),
(1135, 28, 3, 2, 1),
(1136, 28, 4, 15, 1),
(1137, 28, 5, 8, 1),
(1138, 28, 6, 6, 1),
(1139, 28, 7, 10, 1),
(1140, 28, 7, 11, 1),
(1141, 29, 1, 17, 1),
(1142, 29, 2, 14, 1),
(1143, 29, 3, 3, 1),
(1144, 29, 3, 4, 1),
(1145, 29, 4, 15, 1),
(1146, 29, 5, 7, 1),
(1147, 29, 6, 5, 1),
(1148, 29, 7, 10, 1),
(1149, 29, 7, 11, 1),
(1150, 30, 1, 17, 1),
(1151, 30, 2, 13, 0.7),
(1152, 30, 2, 14, 0.3),
(1153, 30, 3, 3, 1),
(1154, 30, 3, 4, 1),
(1155, 30, 4, 16, 1),
(1156, 30, 5, 7, 1),
(1157, 30, 6, 6, 1),
(1158, 30, 7, 10, 0.385),
(1159, 30, 7, 11, 0.615),
(1160, 31, 1, 17, 1),
(1161, 31, 2, 13, 1),
(1162, 31, 2, 14, 1),
(1163, 31, 3, 2, 0.1),
(1164, 31, 3, 3, 0.9),
(1165, 31, 4, 15, 1),
(1166, 31, 5, 8, 1),
(1167, 31, 6, 5, 1),
(1168, 31, 7, 10, 1),
(1169, 31, 7, 11, 1),
(1179, 33, 1, 18, 1),
(1180, 33, 2, 13, 1),
(1181, 33, 2, 14, 1),
(1182, 33, 3, 2, 0.8),
(1183, 33, 3, 3, 0.2),
(1184, 33, 4, 15, 1),
(1185, 33, 5, 8, 1),
(1186, 33, 6, 5, 1),
(1187, 33, 7, 10, 1),
(1188, 33, 7, 11, 1),
(1189, 34, 1, 18, 1),
(1190, 34, 2, 13, 1),
(1191, 34, 2, 14, 1),
(1192, 34, 3, 3, 0.25),
(1193, 34, 3, 4, 0.75),
(1194, 34, 4, 15, 1),
(1195, 34, 5, 8, 1),
(1196, 34, 6, 6, 1),
(1197, 34, 7, 9, 0.722727),
(1198, 34, 7, 10, 0.277273),
(1199, 35, 1, 17, 1),
(1200, 35, 2, 13, 0.2),
(1201, 35, 2, 14, 0.8),
(1202, 35, 3, 3, 0.6),
(1203, 35, 3, 4, 0.4),
(1204, 35, 4, 15, 1),
(1205, 35, 5, 7, 1),
(1206, 35, 6, 5, 1),
(1207, 35, 7, 10, 1),
(1208, 35, 7, 11, 1),
(1209, 36, 1, 17, 1),
(1210, 36, 2, 13, 1),
(1211, 36, 2, 14, 1),
(1212, 36, 3, 3, 1),
(1213, 36, 3, 4, 1),
(1214, 36, 4, 16, 1),
(1215, 36, 5, 7, 1),
(1216, 36, 6, 6, 1),
(1217, 36, 7, 9, 0.0545455),
(1218, 36, 7, 10, 0.945455),
(1219, 37, 1, 17, 1),
(1220, 37, 2, 12, 0.333333),
(1221, 37, 2, 13, 0.666667),
(1222, 37, 3, 2, 1),
(1223, 37, 4, 15, 1),
(1224, 37, 5, 8, 1),
(1225, 37, 6, 6, 1),
(1226, 37, 7, 9, 0.475),
(1227, 37, 7, 10, 0.525),
(1228, 38, 1, 17, 1),
(1229, 38, 2, 14, 1),
(1230, 38, 3, 3, 1),
(1231, 38, 3, 4, 1),
(1232, 38, 4, 16, 1),
(1233, 38, 5, 7, 1),
(1234, 38, 6, 5, 1),
(1235, 38, 7, 10, 1),
(1236, 38, 7, 11, 1),
(1237, 39, 1, 17, 1),
(1238, 39, 2, 13, 0.3),
(1239, 39, 2, 14, 0.7),
(1240, 39, 3, 4, 1),
(1241, 39, 4, 15, 1),
(1242, 39, 5, 7, 1),
(1243, 39, 6, 6, 1),
(1244, 39, 7, 10, 1),
(1245, 39, 7, 11, 1),
(1246, 40, 1, 17, 1),
(1247, 40, 2, 12, 0.166667),
(1248, 40, 2, 13, 0.833333),
(1249, 40, 3, 2, 0.4),
(1250, 40, 3, 3, 0.6),
(1251, 40, 4, 15, 1),
(1252, 40, 5, 8, 1),
(1253, 40, 6, 6, 1),
(1254, 40, 7, 9, 0.5),
(1255, 40, 7, 10, 0.5),
(1256, 41, 1, 17, 1),
(1257, 41, 2, 12, 0.666667),
(1258, 41, 2, 13, 0.333333),
(1259, 41, 3, 3, 0.65),
(1260, 41, 3, 4, 0.35),
(1261, 41, 4, 16, 1),
(1262, 41, 5, 7, 1),
(1263, 41, 6, 5, 1),
(1264, 41, 7, 10, 0.405),
(1265, 41, 7, 11, 0.595),
(1266, 42, 1, 17, 1),
(1267, 42, 2, 13, 1),
(1268, 42, 2, 14, 1),
(1269, 42, 3, 3, 0.45),
(1270, 42, 3, 4, 0.55),
(1271, 42, 4, 15, 1),
(1272, 42, 5, 7, 1),
(1273, 42, 6, 6, 1),
(1274, 42, 7, 9, 0.927273),
(1275, 42, 7, 10, 0.0727273),
(1276, 43, 1, 17, 1),
(1277, 43, 2, 13, 1),
(1278, 43, 2, 14, 1),
(1279, 43, 3, 3, 1),
(1280, 43, 3, 4, 1),
(1281, 43, 4, 16, 1),
(1282, 43, 5, 8, 1),
(1283, 43, 6, 5, 1),
(1284, 43, 7, 10, 1),
(1285, 43, 7, 11, 1),
(1286, 44, 1, 17, 1),
(1287, 44, 2, 13, 1),
(1288, 44, 2, 14, 1),
(1289, 44, 3, 3, 1),
(1290, 44, 4, 16, 1),
(1291, 44, 5, 7, 1),
(1292, 44, 6, 5, 1),
(1293, 44, 7, 10, 0.73),
(1294, 44, 7, 11, 0.27),
(1295, 45, 1, 18, 1),
(1296, 45, 2, 13, 0.1),
(1297, 45, 2, 14, 0.9),
(1298, 45, 3, 2, 0.1),
(1299, 45, 3, 3, 0.9),
(1300, 45, 4, 15, 1),
(1301, 45, 5, 8, 1),
(1302, 45, 6, 5, 1),
(1303, 45, 7, 10, 1),
(1304, 45, 7, 11, 1),
(1305, 46, 1, 17, 1),
(1306, 46, 2, 12, 1),
(1307, 46, 3, 2, 0.6),
(1308, 46, 3, 3, 0.4),
(1309, 46, 4, 16, 1),
(1310, 46, 5, 7, 1),
(1311, 46, 6, 5, 1),
(1312, 46, 7, 9, 0.134091),
(1313, 46, 7, 10, 0.865909),
(1314, 47, 1, 18, 1),
(1315, 47, 2, 12, 1),
(1316, 47, 3, 2, 1),
(1317, 47, 4, 15, 1),
(1318, 47, 5, 8, 1),
(1319, 47, 6, 6, 1),
(1320, 47, 7, 9, 1),
(1321, 48, 1, 18, 1),
(1322, 48, 2, 13, 0.9),
(1323, 48, 2, 14, 0.1),
(1324, 48, 3, 2, 0.4),
(1325, 48, 3, 3, 0.6),
(1326, 48, 4, 16, 1),
(1327, 48, 5, 8, 1),
(1328, 48, 6, 5, 1),
(1329, 48, 7, 10, 0.44),
(1330, 48, 7, 11, 0.56),
(1331, 49, 1, 18, 1),
(1332, 49, 2, 12, 1),
(1333, 49, 3, 3, 0.6),
(1334, 49, 3, 4, 0.4),
(1335, 49, 4, 15, 1),
(1336, 49, 5, 8, 1),
(1337, 49, 6, 6, 1),
(1338, 49, 7, 10, 1),
(1339, 49, 7, 11, 1),
(1340, 50, 1, 17, 1),
(1341, 50, 2, 13, 1),
(1342, 50, 2, 14, 1),
(1343, 50, 3, 3, 1),
(1344, 50, 4, 15, 1),
(1345, 50, 5, 7, 1),
(1346, 50, 6, 5, 1),
(1347, 50, 7, 9, 0.765909),
(1348, 50, 7, 10, 0.234091),
(1349, 51, 1, 17, 1),
(1350, 51, 2, 13, 1),
(1351, 51, 2, 14, 1),
(1352, 51, 3, 2, 0.9),
(1353, 51, 3, 3, 0.1),
(1354, 51, 4, 15, 1),
(1355, 51, 5, 8, 1),
(1356, 51, 6, 5, 1),
(1357, 51, 7, 9, 0.140909),
(1358, 51, 7, 10, 0.859091),
(1359, 52, 1, 17, 1),
(1360, 52, 2, 13, 1),
(1361, 52, 2, 14, 1),
(1362, 52, 3, 3, 0.1),
(1363, 52, 3, 4, 0.9),
(1364, 52, 4, 15, 1),
(1365, 52, 5, 7, 1),
(1366, 52, 6, 5, 1),
(1367, 52, 7, 10, 1),
(1368, 52, 7, 11, 1),
(1369, 60, 1, 17, 1),
(1370, 60, 2, 13, 0.3),
(1371, 60, 2, 14, 0.7),
(1372, 60, 3, 3, 0.55),
(1373, 60, 3, 4, 0.45),
(1374, 60, 4, 15, 1),
(1375, 60, 5, 7, 1),
(1376, 60, 6, 5, 1),
(1377, 60, 7, 10, 1),
(1378, 60, 7, 11, 1),
(1379, 61, 1, 17, 1),
(1380, 61, 2, 13, 0.1),
(1381, 61, 2, 14, 0.9),
(1382, 61, 3, 2, 1),
(1383, 61, 4, 15, 1),
(1384, 61, 5, 7, 1),
(1385, 61, 6, 5, 1),
(1386, 61, 7, 10, 1),
(1387, 61, 7, 11, 1),
(1388, 62, 1, 18, 1),
(1389, 62, 2, 13, 1),
(1390, 62, 2, 14, 1),
(1391, 62, 3, 3, 1),
(1392, 62, 3, 4, 1),
(1393, 62, 4, 16, 1),
(1394, 62, 5, 8, 1),
(1395, 62, 6, 6, 1),
(1396, 62, 7, 10, 1),
(1397, 62, 7, 11, 1),
(1398, 67, 1, 18, 1),
(1399, 67, 2, 13, 0.6),
(1400, 67, 2, 14, 0.4),
(1401, 67, 3, 3, 1),
(1402, 67, 3, 4, 1),
(1403, 67, 4, 15, 1),
(1404, 67, 5, 8, 1),
(1405, 67, 6, 5, 1),
(1406, 67, 7, 9, 0.686364),
(1407, 67, 7, 10, 0.313636),
(1408, 68, 1, 17, 1),
(1409, 68, 2, 13, 0.6),
(1410, 68, 2, 14, 0.4),
(1411, 68, 3, 3, 1),
(1412, 68, 3, 4, 1),
(1413, 68, 4, 15, 1),
(1414, 68, 5, 7, 1),
(1415, 68, 6, 6, 1),
(1416, 68, 7, 9, 0.195455),
(1417, 68, 7, 10, 0.804545),
(1418, 70, 1, 17, 1),
(1419, 70, 2, 13, 1),
(1420, 70, 3, 3, 1),
(1421, 70, 3, 4, 1),
(1422, 70, 4, 16, 1),
(1423, 70, 5, 7, 1),
(1424, 70, 6, 5, 1),
(1425, 70, 7, 10, 0.795),
(1426, 70, 7, 11, 0.205),
(1427, 71, 1, 18, 1),
(1428, 71, 2, 12, 0.166667),
(1429, 71, 2, 13, 0.833333),
(1430, 71, 3, 3, 1),
(1431, 71, 3, 4, 1),
(1432, 71, 4, 15, 1),
(1433, 71, 5, 8, 1),
(1434, 71, 6, 6, 1),
(1435, 71, 7, 9, 1),
(1436, 72, 1, 18, 1),
(1437, 72, 2, 13, 1),
(1438, 72, 2, 14, 1),
(1439, 72, 3, 3, 0.25),
(1440, 72, 3, 4, 0.75),
(1441, 72, 4, 15, 1),
(1442, 72, 5, 8, 1),
(1443, 72, 6, 5, 1),
(1444, 72, 7, 10, 1),
(1445, 72, 7, 11, 1),
(1446, 76, 1, 17, 1),
(1447, 76, 2, 13, 1),
(1448, 76, 2, 14, 1),
(1449, 76, 3, 3, 1),
(1450, 76, 3, 4, 1),
(1451, 76, 4, 16, 1),
(1452, 76, 5, 7, 1),
(1453, 76, 6, 6, 1),
(1454, 76, 7, 10, 1),
(1455, 76, 7, 11, 1),
(1456, 79, 1, 17, 1),
(1457, 79, 2, 13, 0.7),
(1458, 79, 2, 14, 0.3),
(1459, 79, 3, 3, 1),
(1460, 79, 3, 4, 1),
(1461, 79, 4, 16, 1),
(1462, 79, 5, 7, 1),
(1463, 79, 6, 5, 1),
(1464, 79, 7, 10, 1),
(1465, 79, 7, 11, 1),
(1466, 80, 1, 17, 1),
(1467, 80, 2, 13, 0.1),
(1468, 80, 2, 14, 0.9),
(1469, 80, 3, 2, 1),
(1470, 80, 4, 15, 1),
(1471, 80, 5, 7, 1),
(1472, 80, 6, 5, 1),
(1473, 80, 7, 10, 1),
(1474, 80, 7, 11, 1),
(1475, 81, 1, 18, 1),
(1476, 81, 2, 13, 1),
(1477, 81, 2, 14, 1),
(1478, 81, 3, 4, 1),
(1479, 81, 4, 16, 1),
(1480, 81, 5, 8, 1),
(1481, 81, 6, 6, 1),
(1482, 81, 7, 9, 0.365909),
(1483, 81, 7, 10, 0.634091),
(1484, 86, 1, 17, 1),
(1485, 86, 2, 13, 0.7),
(1486, 86, 2, 14, 0.3),
(1487, 86, 3, 3, 0.5),
(1488, 86, 3, 4, 0.5),
(1489, 86, 4, 15, 1),
(1490, 86, 5, 7, 1),
(1491, 86, 6, 6, 1),
(1492, 86, 7, 10, 1),
(1493, 86, 7, 11, 1),
(1494, 87, 1, 18, 1),
(1495, 87, 2, 12, 1),
(1496, 87, 3, 3, 1),
(1497, 87, 3, 4, 1),
(1498, 87, 4, 15, 1),
(1499, 87, 5, 8, 1),
(1500, 87, 6, 6, 1),
(1501, 87, 7, 10, 1),
(1502, 87, 7, 11, 1),
(1503, 91, 1, 18, 1),
(1504, 91, 2, 13, 1),
(1505, 91, 2, 14, 1),
(1506, 91, 3, 2, 0.2),
(1507, 91, 3, 3, 0.8),
(1508, 91, 4, 16, 1),
(1509, 91, 5, 8, 1),
(1510, 91, 6, 6, 1),
(1511, 91, 7, 9, 1),
(1512, 93, 1, 17, 1),
(1513, 93, 2, 13, 0.7),
(1514, 93, 2, 14, 0.3),
(1515, 93, 3, 2, 1),
(1516, 93, 4, 16, 1),
(1517, 93, 5, 7, 1),
(1518, 93, 6, 6, 1),
(1519, 93, 7, 9, 0.195455),
(1520, 93, 7, 10, 0.804545),
(1521, 98, 1, 18, 1),
(1522, 98, 2, 13, 0.6),
(1523, 98, 2, 14, 0.4),
(1524, 98, 3, 3, 0.05),
(1525, 98, 3, 4, 0.95),
(1526, 98, 4, 15, 1),
(1527, 98, 5, 8, 1),
(1528, 98, 6, 6, 1),
(1529, 98, 7, 10, 1),
(1530, 98, 7, 11, 1),
(1531, 103, 1, 18, 1),
(1532, 103, 2, 12, 1),
(1533, 103, 3, 3, 1),
(1534, 103, 4, 15, 1),
(1535, 103, 5, 8, 1),
(1536, 103, 6, 6, 1),
(1537, 103, 7, 10, 1),
(1538, 103, 7, 11, 1),
(1539, 104, 1, 18, 1),
(1540, 104, 2, 13, 1),
(1541, 104, 2, 14, 1),
(1542, 104, 3, 3, 0.95),
(1543, 104, 3, 4, 0.05),
(1544, 104, 4, 16, 1),
(1545, 104, 5, 8, 1),
(1546, 104, 6, 5, 1),
(1547, 104, 7, 9, 1),
(1548, 106, 1, 17, 1),
(1549, 106, 2, 13, 1),
(1550, 106, 3, 3, 1),
(1551, 106, 3, 4, 1),
(1552, 106, 4, 15, 1),
(1553, 106, 5, 7, 1),
(1554, 106, 6, 6, 1),
(1555, 106, 7, 10, 1),
(1556, 106, 7, 11, 1),
(1557, 107, 1, 18, 1),
(1558, 107, 2, 12, 1),
(1559, 107, 3, 2, 1),
(1560, 107, 4, 15, 1),
(1561, 107, 5, 8, 1),
(1562, 107, 6, 6, 1),
(1563, 107, 7, 9, 0.861364),
(1564, 107, 7, 10, 0.138636),
(1565, 109, 1, 18, 1),
(1566, 109, 2, 12, 1),
(1567, 109, 3, 2, 0.5),
(1568, 109, 3, 3, 0.5),
(1569, 109, 4, 16, 1),
(1570, 109, 5, 8, 1),
(1571, 109, 6, 5, 1),
(1572, 109, 7, 9, 1),
(1573, 112, 1, 18, 1),
(1574, 112, 2, 13, 0.3),
(1575, 112, 2, 14, 0.7),
(1576, 112, 3, 3, 1),
(1577, 112, 3, 4, 1),
(1578, 112, 4, 15, 1),
(1579, 112, 5, 8, 1),
(1580, 112, 6, 6, 1),
(1581, 112, 7, 10, 1),
(1582, 112, 7, 11, 1),
(1583, 113, 1, 18, 1),
(1584, 113, 2, 12, 1),
(1585, 113, 3, 2, 1),
(1586, 113, 4, 16, 1),
(1587, 113, 5, 8, 1),
(1588, 113, 6, 5, 1),
(1589, 113, 7, 9, 0.797727),
(1590, 113, 7, 10, 0.202273),
(1591, 114, 1, 18, 1),
(1592, 114, 2, 12, 1),
(1593, 114, 3, 2, 0.9),
(1594, 114, 3, 3, 0.1),
(1595, 114, 4, 16, 1),
(1596, 114, 5, 8, 1),
(1597, 114, 6, 6, 1),
(1598, 114, 7, 9, 1),
(1599, 119, 1, 17, 1),
(1600, 119, 2, 13, 1),
(1601, 119, 2, 14, 1),
(1602, 119, 3, 3, 1),
(1603, 119, 3, 4, 1),
(1604, 119, 4, 16, 1),
(1605, 119, 5, 7, 1),
(1606, 119, 6, 5, 1),
(1607, 119, 7, 9, 0.195455),
(1608, 119, 7, 10, 0.804545),
(1609, 120, 1, 18, 1),
(1610, 120, 2, 12, 1),
(1611, 120, 3, 2, 0.6),
(1612, 120, 3, 3, 0.4),
(1613, 120, 4, 15, 1),
(1614, 120, 5, 8, 1),
(1615, 120, 6, 6, 1),
(1616, 120, 7, 10, 1),
(1617, 120, 7, 11, 1),
(1618, 121, 1, 17, 1),
(1619, 121, 2, 13, 1),
(1620, 121, 2, 14, 1),
(1621, 121, 3, 2, 0.7),
(1622, 121, 3, 3, 0.3),
(1623, 121, 4, 15, 1),
(1624, 121, 5, 7, 1),
(1625, 121, 6, 6, 1),
(1626, 121, 7, 9, 0.947727),
(1627, 121, 7, 10, 0.0522727),
(1628, 122, 1, 18, 1),
(1629, 122, 2, 12, 1),
(1630, 122, 3, 2, 0.7),
(1631, 122, 3, 3, 0.3),
(1632, 122, 4, 15, 1),
(1633, 122, 5, 8, 1),
(1634, 122, 6, 6, 1),
(1635, 122, 7, 9, 1),
(1636, 123, 1, 18, 1),
(1637, 123, 2, 12, 1),
(1638, 123, 3, 3, 0.5),
(1639, 123, 3, 4, 0.5),
(1640, 123, 4, 16, 1),
(1641, 123, 5, 8, 1),
(1642, 123, 6, 6, 1),
(1643, 123, 7, 9, 0.597727),
(1644, 123, 7, 10, 0.402273),
(1645, 125, 1, 17, 1),
(1646, 125, 2, 13, 0.5),
(1647, 125, 2, 14, 0.5),
(1648, 125, 3, 3, 0.1),
(1649, 125, 3, 4, 0.9),
(1650, 125, 4, 16, 1),
(1651, 125, 5, 7, 1),
(1652, 125, 6, 5, 1),
(1653, 125, 7, 10, 1),
(1654, 125, 7, 11, 1),
(1752, 32, 1, 17, 1),
(1753, 32, 2, 13, 0.2),
(1754, 32, 2, 14, 0.8),
(1755, 32, 3, 2, 1),
(1756, 32, 4, 15, 1),
(1757, 32, 5, 7, 1),
(1758, 32, 6, 5, 1),
(1759, 32, 7, 10, 1),
(1760, 32, 7, 11, 1),
(1797, 127, 1, 17, 1),
(1798, 127, 2, 13, 0.6),
(1799, 127, 2, 14, 0.4),
(1800, 127, 3, 2, 1),
(1801, 127, 4, 15, 1),
(1802, 127, 5, 7, 1),
(1803, 127, 6, 5, 1),
(1804, 127, 7, 10, 1),
(1805, 127, 7, 11, 1),
(1851, 5, 1, 18, 1),
(1852, 5, 2, 13, 1),
(1853, 5, 2, 14, 1),
(1854, 5, 3, 3, 1),
(1855, 5, 4, 16, 1),
(1856, 5, 5, 8, 1),
(1857, 5, 6, 6, 1),
(1858, 5, 7, 9, 1),
(1859, 6, 1, 17, 1),
(1860, 6, 2, 13, 0.3),
(1861, 6, 2, 14, 0.7),
(1862, 6, 3, 3, 0.95),
(1863, 6, 3, 4, 0.05),
(1864, 6, 4, 16, 1),
(1865, 6, 5, 7, 1),
(1866, 6, 6, 6, 1),
(1867, 6, 7, 9, 0.613636),
(1868, 6, 7, 10, 0.386364),
(2013, 2, 1, 17, 1),
(2014, 2, 2, 12, 1),
(2015, 2, 3, 3, 0.45),
(2016, 2, 3, 4, 0.55),
(2017, 2, 4, 16, 1),
(2018, 2, 5, 7, 1),
(2019, 2, 6, 6, 1),
(2020, 2, 7, 10, 1),
(2021, 2, 7, 11, 1);

-- --------------------------------------------------------

--
-- Struktur dari tabel `tb_keanggotaan`
--

CREATE TABLE `tb_keanggotaan` (
  `id_keanggotaan` int(10) NOT NULL,
  `id_variabel` int(4) NOT NULL,
  `b_bawah` double NOT NULL,
  `b_tengah` double NOT NULL,
  `b_atas` double NOT NULL,
  `keterangan` varchar(100) NOT NULL
) ENGINE=InnoDB DEFAULT CHARSET=latin1 ROW_FORMAT=COMPACT;

--
-- Dumping data untuk tabel `tb_keanggotaan`
--

INSERT INTO `tb_keanggotaan` (`id_keanggotaan`, `id_variabel`, `b_bawah`, `b_tengah`, `b_atas`, `keterangan`) VALUES
(2, 3, 110, 120, 120, 'RENDAH'),
(3, 3, 110, 120, 140, 'NORMAL'),
(4, 3, 120, 140, 140, 'TINGGI'),
(5, 6, 0, 1, 1, 'YA'),
(6, 6, 0, 0, 0, 'TIDAK'),
(7, 5, 0, 1, 1, 'YA'),
(8, 5, 0, 0, 0, 'TIDAK'),
(9, 7, 18.5, 22.9, 22.9, 'KURUS'),
(10, 7, 18.5, 22.9, 24.9, 'NORMAL'),
(11, 7, 22.9, 24.9, 24.9, 'OBESITAS'),
(12, 2, 44, 50, 50, 'DEWASA'),
(13, 2, 44, 50, 60, 'LANSIA'),
(14, 2, 50, 60, 60, 'MANULA'),
(15, 4, 0, 1, 1, 'YA'),
(16, 4, 0, 0, 0, 'TIDAK'),
(17, 1, 0, 1, 1, 'L'),
(18, 1, 0, 0, 0, 'P');

-- --------------------------------------------------------

--
-- Struktur dari tabel `tb_kesimpulan`
--

CREATE TABLE `tb_kesimpulan` (
  `id_kesimpulan` int(8) NOT NULL,
  `id_periksa` int(10) NOT NULL,
  `tgl_test` datetime NOT NULL,
  `username` varchar(20) NOT NULL,
  `nama_lengkap` varchar(50) NOT NULL,
  `jenis_kelamin` varchar(1) NOT NULL,
  `usia` int(3) NOT NULL,
  `z_total` float NOT NULL,
  `nama_diagnosa` varchar(20) NOT NULL
) ENGINE=InnoDB DEFAULT CHARSET=latin1;

--
-- Dumping data untuk tabel `tb_kesimpulan`
--

INSERT INTO `tb_kesimpulan` (`id_kesimpulan`, `id_periksa`, `tgl_test`, `username`, `nama_lengkap`, `jenis_kelamin`, `usia`, `z_total`, `nama_diagnosa`) VALUES
(1, 3, '2018-05-24 10:49:01', '01811461', 'Erwin Sutedjo', 'L', 64, 60, 'TINGGI'),
(2, 4, '2018-05-24 10:49:02', '00357540', 'Sogiyem', 'L', 89, 60, 'TINGGI'),
(3, 5, '2018-05-24 10:49:03', '01756066', 'Tugimin', 'P', 69, 15, 'SEDANG'),
(4, 6, '2018-05-24 10:49:04', '01836808', 'Suryaningsih', 'L', 57, 73.7313, 'TINGGI'),
(5, 7, '2018-05-24 10:49:05', '01779102', 'Isdaryanto', 'P', 37, 10, 'RENDAH'),
(6, 8, '2018-05-24 10:49:06', '01834532', 'Widi Setyaningrum', 'L', 59, 100, 'TINGGI'),
(7, 9, '2018-05-24 10:49:07', '01671868', 'Sri Rumini', 'L', 60, 100, 'TINGGI'),
(8, 10, '2018-05-24 10:49:08', '00160686', 'Poniyem ', 'L', 68, 100, 'TINGGI'),
(9, 11, '2018-05-24 10:49:09', '01342671', 'Slamet Noto Sudarmo', 'P', 74, 55, 'TINGGI'),
(10, 12, '2018-05-24 10:49:10', '01783167', 'Hj. Kartini', 'P', 62, 77.091, 'TINGGI'),
(11, 13, '2018-05-24 10:49:11', '00883358', 'Suharmiyah', 'P', 75, 100, 'TINGGI'),
(12, 14, '2018-05-24 10:49:12', '01791470', 'Sunaryo', 'L', 61, 60, 'TINGGI'),
(13, 15, '2018-05-24 10:49:13', '01547979', 'Sugiyatno', 'L', 54, 60, 'TINGGI'),
(14, 16, '2018-05-24 10:49:14', '01433593', 'Prana Prawidya', 'L', 36, 10, 'RENDAH'),
(15, 17, '2018-05-24 10:49:15', '01717193', 'SSS. Budha Parin', 'P', 61, 100, 'TINGGI'),
(16, 18, '2018-05-24 10:49:16', '01448149', 'Abdul Ghofur', 'L', 53, 60, 'TINGGI'),
(17, 19, '2018-05-24 10:49:17', '01832949', 'Herry Soeratho', 'L', 73, 60, 'TINGGI'),
(18, 20, '2018-05-24 10:49:18', '01672445', 'Radjiyono', 'L', 63, 60, 'TINGGI'),
(19, 21, '2018-05-24 10:49:19', '01143239', 'Achmad Yani', 'L', 74, 100, 'TINGGI'),
(20, 22, '2018-05-24 10:49:20', '01763019', 'Hari Danang Riya', 'L', 54, 52, 'TINGGI'),
(21, 23, '2018-05-24 10:49:21', '01592116', 'Suparno FX', 'L', 70, 43.3333, 'TINGGI'),
(22, 24, '2018-05-24 10:49:22', '01520734', 'Slamet Riyadi BP', 'L', 66, 60, 'TINGGI'),
(23, 25, '2018-05-24 10:49:23', '01701633', 'Komari ', 'L', 59, 100, 'TINGGI'),
(24, 26, '2018-05-24 10:49:24', '01619725', 'Iwan Wardoyo', 'L', 64, 60, 'TINGGI'),
(25, 27, '2018-05-24 10:49:25', '01681350', 'Waljiyono', 'L', 55, 70, 'TINGGI'),
(26, 28, '2018-05-24 10:49:26', '00515849', 'Candra Multasih', 'P', 48, 10, 'RENDAH'),
(27, 29, '2018-05-24 10:49:27', '01832948', 'Wahono', 'L', 60, 100, 'TINGGI'),
(28, 30, '2018-05-24 10:49:28', '01782143', 'Yahya Nasrul Fauzi', 'L', 53, 60, 'TINGGI'),
(29, 31, '2018-05-24 10:49:29', '01386341', 'Djasidi', 'L', 64, 60, 'TINGGI'),
(30, 32, '2018-05-24 10:49:30', '01820341', 'Slamet Triyono', 'L', 58, 84, 'TINGGI'),
(31, 33, '2018-05-24 10:49:31', '01546086', 'Sriyatun Purwanti', 'P', 67, 60, 'TINGGI'),
(32, 34, '2018-05-24 10:49:32', '01778435', 'Radiyem / Slamet', 'P', 68, 55, 'TINGGI'),
(33, 35, '2018-05-24 10:49:33', '01183934', 'Sarjono', 'L', 58, 100, 'TINGGI'),
(34, 36, '2018-05-24 10:49:34', '01825332', 'Hadi Muljo', 'L', 68, 60, 'TINGGI'),
(35, 37, '2018-05-24 10:49:35', '01813816', 'Joko Purwanto', 'L', 48, 10, 'RENDAH'),
(36, 38, '2018-05-24 10:49:36', '01031691', 'Suwandi, S.Pd', 'L', 60, 100, 'TINGGI'),
(37, 39, '2018-05-24 10:49:37', '01783368', 'Ari Bharata', 'L', 57, 100, 'TINGGI'),
(38, 40, '2018-05-24 10:49:38', '01760966', 'Elda Susunto', 'L', 49, 10, 'RENDAH'),
(39, 41, '2018-05-24 10:49:39', '01767356', 'Bahtiar Hendri', 'L', 46, 48.7253, 'TINGGI'),
(40, 42, '2018-05-24 10:49:40', '00346646', 'Budiyono', 'L', 75, 64, 'TINGGI'),
(41, 43, '2018-05-24 10:49:41', '01804543', 'Anggono', 'L', 67, 60, 'TINGGI'),
(42, 44, '2018-05-24 10:49:42', '01794417', 'Sadiyo', 'L', 61, 60, 'TINGGI'),
(43, 45, '2018-05-24 10:49:43', '01783807', 'Mulyadi', 'P', 59, 92, 'TINGGI'),
(44, 46, '2018-05-24 10:49:44', '01792411', 'Kuwadi', 'L', 39, 14, 'SEDANG'),
(45, 47, '2018-05-24 10:49:45', '01780466', 'Ana Setiawati', 'P', 22, 10, 'RENDAH'),
(46, 48, '2018-05-24 10:49:46', '01758753', 'Wiwik Lestari', 'P', 51, 10, 'RENDAH'),
(47, 49, '2018-05-24 10:49:47', '01799532', 'Dwi Budiyanti', 'P', 38, 10, 'RENDAH'),
(48, 50, '2018-05-24 10:49:48', '01096682', 'Muhammad Romandi', 'L', 78, 100, 'TINGGI'),
(49, 51, '2018-05-24 10:49:49', '01138534', 'Syamsuwarno', 'L', 61, 60, 'TINGGI'),
(50, 52, '2018-05-24 10:49:50', '01077697', 'Nurhadi', 'L', 65, 100, 'TINGGI'),
(51, 60, '2018-05-24 10:49:58', '01814814', 'Suharno', 'L', 57, 100, 'TINGGI'),
(52, 61, '2018-05-24 10:49:59', '01520038', 'Siti Mutmainah', 'L', 59, 92, 'TINGGI'),
(53, 62, '0000-00-00 00:00:00', '00692620', 'Ngadimin', 'P', 83, 100, 'TINGGI'),
(54, 67, '2018-05-24 10:50:04', '01328980', 'Yulina Siwi', 'P', 54, 100, 'TINGGI'),
(55, 68, '2018-05-24 10:50:05', '01815464', 'Slamet Tjolle', 'L', 54, 60, 'TINGGI'),
(56, 70, '2018-05-24 10:50:07', '01701605', 'Suhardani', 'L', 50, 60, 'TINGGI'),
(57, 71, '2018-05-24 10:50:08', '00431998', 'Weni Puji', 'P', 49, 10, 'RENDAH'),
(58, 72, '2018-05-24 10:50:09', '01595996', 'Mardilah', 'P', 65, 100, 'TINGGI'),
(59, 76, '2018-05-24 10:50:13', '01489832', 'Budi Siswanto', 'L', 74, 60, 'TINGGI'),
(60, 79, '2018-05-24 10:50:16', '00501807', 'Nuryanto', 'L', 53, 60, 'TINGGI'),
(61, 80, '2018-05-24 10:50:17', '01830004', 'Syamsul Rizal', 'L', 59, 92, 'TINGGI'),
(62, 81, '2018-05-24 10:50:18', '01802149', 'Sri Hatarani', 'P', 75, 100, 'TINGGI'),
(63, 86, '2018-05-24 10:50:23', '01435851', 'Suhartono', 'L', 53, 60, 'TINGGI'),
(64, 87, '2018-05-24 10:50:24', '01196122', 'Amalia Ratna', 'P', 32, 10, 'RENDAH'),
(65, 91, '2018-05-24 10:50:28', '01774677', 'Rasiyem', 'P', 70, 15, 'SEDANG'),
(66, 93, '2018-05-24 10:50:30', '01815274', 'Ramelan', 'L', 53, 44, 'TINGGI'),
(67, 98, '2018-05-24 10:50:35', '01800558', 'Sutarmi', 'P', 54, 100, 'TINGGI'),
(68, 103, '2018-05-24 10:50:40', '01114424', 'Tri Astuti', 'P', 33, 10, 'RENDAH'),
(69, 104, '2018-05-24 10:50:41', '01764415', 'Waliyem', 'P', 67, 20, 'SEDANG'),
(70, 106, '2018-05-24 10:50:43', '01822213', 'Yulius Agus Sutopo', 'L', 50, 60, 'TINGGI'),
(71, 107, '2018-05-24 10:50:44', '01788214', 'Nur Rahmatilah', 'P', 25, 10, 'RENDAH'),
(72, 109, '2018-05-24 10:50:46', '01777828', 'Retvi Arshanti', 'P', 20, 10, 'RENDAH'),
(73, 112, '2018-05-24 10:50:49', '01824949', 'Etty Lestari', 'P', 57, 100, 'TINGGI'),
(74, 113, '2018-05-24 10:50:50', '01816484', 'Siti Maesaroh', 'P', 28, 10, 'RENDAH'),
(75, 114, '2018-05-24 10:50:51', '01823292', 'Intando Reasi Supriyani', 'P', 26, 10, 'RENDAH'),
(76, 119, '2018-05-24 10:50:56', '01817382', 'Sugiharto', 'L', 66, 60, 'TINGGI'),
(77, 120, '2018-05-24 10:50:57', '01329777', 'Marlina Wulansari', 'P', 33, 10, 'RENDAH'),
(78, 121, '2018-05-24 10:50:58', '01509860', 'Suyatno Stephanus', 'L', 75, 60, 'TINGGI'),
(79, 122, '2018-05-24 10:50:59', '01774654', 'Galuh Arifin Syad', 'P', 23, 10, 'RENDAH'),
(80, 123, '0000-00-00 00:00:00', '01722850', 'Ratna Apriliani', 'P', 22, 10, 'RENDAH'),
(81, 125, '0000-00-00 00:00:00', '01829868', 'Agus Sugiyarno', 'L', 55, 86.6667, 'TINGGI'),
(82, 2, '2018-05-24 10:49:00', '01840400', 'Ardytiawarman GA', 'L', 32, 10, 'RENDAH');

-- --------------------------------------------------------

--
-- Struktur dari tabel `tb_login`
--

CREATE TABLE `tb_login` (
  `username` varchar(15) NOT NULL,
  `password` varchar(60) NOT NULL,
  `stts` varchar(10) NOT NULL
) ENGINE=InnoDB DEFAULT CHARSET=latin1;

--
-- Dumping data untuk tabel `tb_login`
--

INSERT INTO `tb_login` (`username`, `password`, `stts`) VALUES
('00083114', '$2y$10$jwneM8HTGCJL2ICyugLtMuqV9JWqPEZ72Dux5VyxmkAotPEyxyque', 'user'),
('00160686', '$2y$10$jwneM8HTGCJL2ICyugLtMuqV9JWqPEZ72Dux5VyxmkAotPEyxyque', 'user'),
('00346646', '$2y$10$jwneM8HTGCJL2ICyugLtMuqV9JWqPEZ72Dux5VyxmkAotPEyxyque', 'user'),
('00357540', '$2y$10$jwneM8HTGCJL2ICyugLtMuqV9JWqPEZ72Dux5VyxmkAotPEyxyque', 'user'),
('00431998', '$2y$10$jwneM8HTGCJL2ICyugLtMuqV9JWqPEZ72Dux5VyxmkAotPEyxyque', 'user'),
('00487816', '$2y$10$jwneM8HTGCJL2ICyugLtMuqV9JWqPEZ72Dux5VyxmkAotPEyxyque', 'user'),
('00501807', '$2y$10$jwneM8HTGCJL2ICyugLtMuqV9JWqPEZ72Dux5VyxmkAotPEyxyque', 'user'),
('00515849', '$2y$10$jwneM8HTGCJL2ICyugLtMuqV9JWqPEZ72Dux5VyxmkAotPEyxyque', 'user'),
('00620394', '$2y$10$jwneM8HTGCJL2ICyugLtMuqV9JWqPEZ72Dux5VyxmkAotPEyxyque', 'user'),
('00692620', '$2y$10$jwneM8HTGCJL2ICyugLtMuqV9JWqPEZ72Dux5VyxmkAotPEyxyque', 'user'),
('00883358', '$2y$10$jwneM8HTGCJL2ICyugLtMuqV9JWqPEZ72Dux5VyxmkAotPEyxyque', 'user'),
('01031691', '$2y$10$jwneM8HTGCJL2ICyugLtMuqV9JWqPEZ72Dux5VyxmkAotPEyxyque', 'user'),
('01077697', '$2y$10$jwneM8HTGCJL2ICyugLtMuqV9JWqPEZ72Dux5VyxmkAotPEyxyque', 'user'),
('01096682', '$2y$10$jwneM8HTGCJL2ICyugLtMuqV9JWqPEZ72Dux5VyxmkAotPEyxyque', 'user'),
('01114424', '$2y$10$jwneM8HTGCJL2ICyugLtMuqV9JWqPEZ72Dux5VyxmkAotPEyxyque', 'user'),
('01138534', '$2y$10$jwneM8HTGCJL2ICyugLtMuqV9JWqPEZ72Dux5VyxmkAotPEyxyque', 'user'),
('01143239', '$2y$10$jwneM8HTGCJL2ICyugLtMuqV9JWqPEZ72Dux5VyxmkAotPEyxyque', 'user'),
('01183934', '$2y$10$jwneM8HTGCJL2ICyugLtMuqV9JWqPEZ72Dux5VyxmkAotPEyxyque', 'user'),
('01196122', '$2y$10$jwneM8HTGCJL2ICyugLtMuqV9JWqPEZ72Dux5VyxmkAotPEyxyque', 'user'),
('01328980', '$2y$10$jwneM8HTGCJL2ICyugLtMuqV9JWqPEZ72Dux5VyxmkAotPEyxyque', 'user'),
('01329777', '$2y$10$jwneM8HTGCJL2ICyugLtMuqV9JWqPEZ72Dux5VyxmkAotPEyxyque', 'user'),
('01338980', '$2y$10$jwneM8HTGCJL2ICyugLtMuqV9JWqPEZ72Dux5VyxmkAotPEyxyque', 'user'),
('01342671', '$2y$10$jwneM8HTGCJL2ICyugLtMuqV9JWqPEZ72Dux5VyxmkAotPEyxyque', 'user'),
('01386341', '$2y$10$jwneM8HTGCJL2ICyugLtMuqV9JWqPEZ72Dux5VyxmkAotPEyxyque', 'user'),
('01433593', '$2y$10$jwneM8HTGCJL2ICyugLtMuqV9JWqPEZ72Dux5VyxmkAotPEyxyque', 'user'),
('01435851', '$2y$10$jwneM8HTGCJL2ICyugLtMuqV9JWqPEZ72Dux5VyxmkAotPEyxyque', 'user'),
('01436931', '$2y$10$jwneM8HTGCJL2ICyugLtMuqV9JWqPEZ72Dux5VyxmkAotPEyxyque', 'user'),
('01448149', '$2y$10$jwneM8HTGCJL2ICyugLtMuqV9JWqPEZ72Dux5VyxmkAotPEyxyque', 'user'),
('01489832', '$2y$10$jwneM8HTGCJL2ICyugLtMuqV9JWqPEZ72Dux5VyxmkAotPEyxyque', 'user'),
('01509860', '$2y$10$jwneM8HTGCJL2ICyugLtMuqV9JWqPEZ72Dux5VyxmkAotPEyxyque', 'user'),
('01520038', '$2y$10$jwneM8HTGCJL2ICyugLtMuqV9JWqPEZ72Dux5VyxmkAotPEyxyque', 'user'),
('01520734', '$2y$10$jwneM8HTGCJL2ICyugLtMuqV9JWqPEZ72Dux5VyxmkAotPEyxyque', 'user'),
('01527469', '$2y$10$jwneM8HTGCJL2ICyugLtMuqV9JWqPEZ72Dux5VyxmkAotPEyxyque', 'user'),
('01546086', '$2y$10$jwneM8HTGCJL2ICyugLtMuqV9JWqPEZ72Dux5VyxmkAotPEyxyque', 'user'),
('01547979', '$2y$10$jwneM8HTGCJL2ICyugLtMuqV9JWqPEZ72Dux5VyxmkAotPEyxyque', 'user'),
('01554274', '$2y$10$jwneM8HTGCJL2ICyugLtMuqV9JWqPEZ72Dux5VyxmkAotPEyxyque', 'user'),
('01592116', '$2y$10$jwneM8HTGCJL2ICyugLtMuqV9JWqPEZ72Dux5VyxmkAotPEyxyque', 'user'),
('01595996', '$2y$10$jwneM8HTGCJL2ICyugLtMuqV9JWqPEZ72Dux5VyxmkAotPEyxyque', 'user'),
('01619725', '$2y$10$jwneM8HTGCJL2ICyugLtMuqV9JWqPEZ72Dux5VyxmkAotPEyxyque', 'user'),
('01656634', '$2y$10$jwneM8HTGCJL2ICyugLtMuqV9JWqPEZ72Dux5VyxmkAotPEyxyque', 'user'),
('01671868', '$2y$10$jwneM8HTGCJL2ICyugLtMuqV9JWqPEZ72Dux5VyxmkAotPEyxyque', 'user'),
('01672445', '$2y$10$jwneM8HTGCJL2ICyugLtMuqV9JWqPEZ72Dux5VyxmkAotPEyxyque', 'user'),
('01681350', '$2y$10$jwneM8HTGCJL2ICyugLtMuqV9JWqPEZ72Dux5VyxmkAotPEyxyque', 'user'),
('01695169', '$2y$10$jwneM8HTGCJL2ICyugLtMuqV9JWqPEZ72Dux5VyxmkAotPEyxyque', 'user'),
('01701605', '$2y$10$jwneM8HTGCJL2ICyugLtMuqV9JWqPEZ72Dux5VyxmkAotPEyxyque', 'user'),
('01701633', '$2y$10$jwneM8HTGCJL2ICyugLtMuqV9JWqPEZ72Dux5VyxmkAotPEyxyque', 'user'),
('01717193', '$2y$10$jwneM8HTGCJL2ICyugLtMuqV9JWqPEZ72Dux5VyxmkAotPEyxyque', 'user'),
('01719794', '$2y$10$jwneM8HTGCJL2ICyugLtMuqV9JWqPEZ72Dux5VyxmkAotPEyxyque', 'user'),
('01722850', '$2y$10$jwneM8HTGCJL2ICyugLtMuqV9JWqPEZ72Dux5VyxmkAotPEyxyque', 'user'),
('01732543', '$2y$10$jwneM8HTGCJL2ICyugLtMuqV9JWqPEZ72Dux5VyxmkAotPEyxyque', 'user'),
('01737726', '$2y$10$jwneM8HTGCJL2ICyugLtMuqV9JWqPEZ72Dux5VyxmkAotPEyxyque', 'user'),
('01756066', '$2y$10$jwneM8HTGCJL2ICyugLtMuqV9JWqPEZ72Dux5VyxmkAotPEyxyque', 'user'),
('01758753', '$2y$10$jwneM8HTGCJL2ICyugLtMuqV9JWqPEZ72Dux5VyxmkAotPEyxyque', 'user'),
('01760966', '$2y$10$jwneM8HTGCJL2ICyugLtMuqV9JWqPEZ72Dux5VyxmkAotPEyxyque', 'user'),
('01763019', '$2y$10$jwneM8HTGCJL2ICyugLtMuqV9JWqPEZ72Dux5VyxmkAotPEyxyque', 'user'),
('01764415', '$2y$10$jwneM8HTGCJL2ICyugLtMuqV9JWqPEZ72Dux5VyxmkAotPEyxyque', 'user'),
('01767356', '$2y$10$jwneM8HTGCJL2ICyugLtMuqV9JWqPEZ72Dux5VyxmkAotPEyxyque', 'user'),
('01774654', '$2y$10$jwneM8HTGCJL2ICyugLtMuqV9JWqPEZ72Dux5VyxmkAotPEyxyque', 'user'),
('01774677', '$2y$10$jwneM8HTGCJL2ICyugLtMuqV9JWqPEZ72Dux5VyxmkAotPEyxyque', 'user'),
('01775070', '$2y$10$jwneM8HTGCJL2ICyugLtMuqV9JWqPEZ72Dux5VyxmkAotPEyxyque', 'user'),
('01777143', '$2y$10$jwneM8HTGCJL2ICyugLtMuqV9JWqPEZ72Dux5VyxmkAotPEyxyque', 'user'),
('01777828', '$2y$10$jwneM8HTGCJL2ICyugLtMuqV9JWqPEZ72Dux5VyxmkAotPEyxyque', 'user'),
('01778435', '$2y$10$jwneM8HTGCJL2ICyugLtMuqV9JWqPEZ72Dux5VyxmkAotPEyxyque', 'user'),
('01779102', '$2y$10$jwneM8HTGCJL2ICyugLtMuqV9JWqPEZ72Dux5VyxmkAotPEyxyque', 'user'),
('01780241', '$2y$10$jwneM8HTGCJL2ICyugLtMuqV9JWqPEZ72Dux5VyxmkAotPEyxyque', 'user'),
('01780466', '$2y$10$jwneM8HTGCJL2ICyugLtMuqV9JWqPEZ72Dux5VyxmkAotPEyxyque', 'user'),
('01782143', '$2y$10$jwneM8HTGCJL2ICyugLtMuqV9JWqPEZ72Dux5VyxmkAotPEyxyque', 'user'),
('01783167', '$2y$10$jwneM8HTGCJL2ICyugLtMuqV9JWqPEZ72Dux5VyxmkAotPEyxyque', 'user'),
('01783368', '$2y$10$jwneM8HTGCJL2ICyugLtMuqV9JWqPEZ72Dux5VyxmkAotPEyxyque', 'user'),
('01783807', '$2y$10$jwneM8HTGCJL2ICyugLtMuqV9JWqPEZ72Dux5VyxmkAotPEyxyque', 'user'),
('01788214', '$2y$10$jwneM8HTGCJL2ICyugLtMuqV9JWqPEZ72Dux5VyxmkAotPEyxyque', 'user'),
('01791470', '$2y$10$jwneM8HTGCJL2ICyugLtMuqV9JWqPEZ72Dux5VyxmkAotPEyxyque', 'user'),
('01792411', '$2y$10$jwneM8HTGCJL2ICyugLtMuqV9JWqPEZ72Dux5VyxmkAotPEyxyque', 'user'),
('01794417', '$2y$10$jwneM8HTGCJL2ICyugLtMuqV9JWqPEZ72Dux5VyxmkAotPEyxyque', 'user'),
('01799532', '$2y$10$jwneM8HTGCJL2ICyugLtMuqV9JWqPEZ72Dux5VyxmkAotPEyxyque', 'user'),
('01799729', '$2y$10$jwneM8HTGCJL2ICyugLtMuqV9JWqPEZ72Dux5VyxmkAotPEyxyque', 'user'),
('01800558', '$2y$10$jwneM8HTGCJL2ICyugLtMuqV9JWqPEZ72Dux5VyxmkAotPEyxyque', 'user'),
('01802149', '$2y$10$jwneM8HTGCJL2ICyugLtMuqV9JWqPEZ72Dux5VyxmkAotPEyxyque', 'user'),
('01804543', '$2y$10$jwneM8HTGCJL2ICyugLtMuqV9JWqPEZ72Dux5VyxmkAotPEyxyque', 'user'),
('01811461', '$2y$10$jwneM8HTGCJL2ICyugLtMuqV9JWqPEZ72Dux5VyxmkAotPEyxyque', 'user'),
('01813816', '$2y$10$jwneM8HTGCJL2ICyugLtMuqV9JWqPEZ72Dux5VyxmkAotPEyxyque', 'user'),
('01814814', '$2y$10$jwneM8HTGCJL2ICyugLtMuqV9JWqPEZ72Dux5VyxmkAotPEyxyque', 'user'),
('01815274', '$2y$10$jwneM8HTGCJL2ICyugLtMuqV9JWqPEZ72Dux5VyxmkAotPEyxyque', 'user'),
('01815464', '$2y$10$jwneM8HTGCJL2ICyugLtMuqV9JWqPEZ72Dux5VyxmkAotPEyxyque', 'user'),
('01816484', '$2y$10$jwneM8HTGCJL2ICyugLtMuqV9JWqPEZ72Dux5VyxmkAotPEyxyque', 'user'),
('01817346', '$2y$10$jwneM8HTGCJL2ICyugLtMuqV9JWqPEZ72Dux5VyxmkAotPEyxyque', 'user'),
('01817382', '$2y$10$jwneM8HTGCJL2ICyugLtMuqV9JWqPEZ72Dux5VyxmkAotPEyxyque', 'user'),
('01817599', '$2y$10$jwneM8HTGCJL2ICyugLtMuqV9JWqPEZ72Dux5VyxmkAotPEyxyque', 'user'),
('01820341', '$2y$10$jwneM8HTGCJL2ICyugLtMuqV9JWqPEZ72Dux5VyxmkAotPEyxyque', 'user'),
('01822145', '$2y$10$jwneM8HTGCJL2ICyugLtMuqV9JWqPEZ72Dux5VyxmkAotPEyxyque', 'user'),
('01822213', '$2y$10$jwneM8HTGCJL2ICyugLtMuqV9JWqPEZ72Dux5VyxmkAotPEyxyque', 'user'),
('01823292', '$2y$10$jwneM8HTGCJL2ICyugLtMuqV9JWqPEZ72Dux5VyxmkAotPEyxyque', 'user'),
('01823485', '$2y$10$jwneM8HTGCJL2ICyugLtMuqV9JWqPEZ72Dux5VyxmkAotPEyxyque', 'user'),
('01824949', '$2y$10$jwneM8HTGCJL2ICyugLtMuqV9JWqPEZ72Dux5VyxmkAotPEyxyque', 'user'),
('01825332', '$2y$10$jwneM8HTGCJL2ICyugLtMuqV9JWqPEZ72Dux5VyxmkAotPEyxyque', 'user'),
('01826257', '$2y$10$jwneM8HTGCJL2ICyugLtMuqV9JWqPEZ72Dux5VyxmkAotPEyxyque', 'user'),
('01828060', '$2y$10$jwneM8HTGCJL2ICyugLtMuqV9JWqPEZ72Dux5VyxmkAotPEyxyque', 'user'),
('01828072', '$2y$10$jwneM8HTGCJL2ICyugLtMuqV9JWqPEZ72Dux5VyxmkAotPEyxyque', 'user'),
('01829215', '$2y$10$jwneM8HTGCJL2ICyugLtMuqV9JWqPEZ72Dux5VyxmkAotPEyxyque', 'user'),
('01829413', '$2y$10$jwneM8HTGCJL2ICyugLtMuqV9JWqPEZ72Dux5VyxmkAotPEyxyque', 'user'),
('01829446', '$2y$10$jwneM8HTGCJL2ICyugLtMuqV9JWqPEZ72Dux5VyxmkAotPEyxyque', 'user'),
('01829868', '$2y$10$jwneM8HTGCJL2ICyugLtMuqV9JWqPEZ72Dux5VyxmkAotPEyxyque', 'user'),
('01830004', '$2y$10$jwneM8HTGCJL2ICyugLtMuqV9JWqPEZ72Dux5VyxmkAotPEyxyque', 'user'),
('01830190', '$2y$10$jwneM8HTGCJL2ICyugLtMuqV9JWqPEZ72Dux5VyxmkAotPEyxyque', 'user'),
('01831083', '$2y$10$jwneM8HTGCJL2ICyugLtMuqV9JWqPEZ72Dux5VyxmkAotPEyxyque', 'user'),
('01832697', '$2y$10$jwneM8HTGCJL2ICyugLtMuqV9JWqPEZ72Dux5VyxmkAotPEyxyque', 'user'),
('01832948', '$2y$10$jwneM8HTGCJL2ICyugLtMuqV9JWqPEZ72Dux5VyxmkAotPEyxyque', 'user'),
('01832949', '$2y$10$jwneM8HTGCJL2ICyugLtMuqV9JWqPEZ72Dux5VyxmkAotPEyxyque', 'user'),
('01832991', '$2y$10$jwneM8HTGCJL2ICyugLtMuqV9JWqPEZ72Dux5VyxmkAotPEyxyque', 'user'),
('01833683', '$2y$10$jwneM8HTGCJL2ICyugLtMuqV9JWqPEZ72Dux5VyxmkAotPEyxyque', 'user'),
('01834284', '$2y$10$jwneM8HTGCJL2ICyugLtMuqV9JWqPEZ72Dux5VyxmkAotPEyxyque', 'user'),
('01834532', '$2y$10$jwneM8HTGCJL2ICyugLtMuqV9JWqPEZ72Dux5VyxmkAotPEyxyque', 'user'),
('01836808', '$2y$10$jwneM8HTGCJL2ICyugLtMuqV9JWqPEZ72Dux5VyxmkAotPEyxyque', 'user'),
('01837400', '$2y$10$jwneM8HTGCJL2ICyugLtMuqV9JWqPEZ72Dux5VyxmkAotPEyxyque', 'user'),
('01837477', '$2y$10$jwneM8HTGCJL2ICyugLtMuqV9JWqPEZ72Dux5VyxmkAotPEyxyque', 'user'),
('01837567', '$2y$10$jwneM8HTGCJL2ICyugLtMuqV9JWqPEZ72Dux5VyxmkAotPEyxyque', 'user'),
('01837864', '$2y$10$jwneM8HTGCJL2ICyugLtMuqV9JWqPEZ72Dux5VyxmkAotPEyxyque', 'user'),
('01839455', '$2y$10$jwneM8HTGCJL2ICyugLtMuqV9JWqPEZ72Dux5VyxmkAotPEyxyque', 'user'),
('01839591', '$2y$10$jwneM8HTGCJL2ICyugLtMuqV9JWqPEZ72Dux5VyxmkAotPEyxyque', 'user'),
('01840281', '$2y$10$jwneM8HTGCJL2ICyugLtMuqV9JWqPEZ72Dux5VyxmkAotPEyxyque', 'user'),
('01840321', '$2y$10$jwneM8HTGCJL2ICyugLtMuqV9JWqPEZ72Dux5VyxmkAotPEyxyque', 'user'),
('01840344', '$2y$10$jwneM8HTGCJL2ICyugLtMuqV9JWqPEZ72Dux5VyxmkAotPEyxyque', 'user'),
('01840346', '$2y$10$jwneM8HTGCJL2ICyugLtMuqV9JWqPEZ72Dux5VyxmkAotPEyxyque', 'user'),
('01840400', '$2y$10$jwneM8HTGCJL2ICyugLtMuqV9JWqPEZ72Dux5VyxmkAotPEyxyque', 'user'),
('01841490', '$2y$10$jwneM8HTGCJL2ICyugLtMuqV9JWqPEZ72Dux5VyxmkAotPEyxyque', 'user'),
('840400', '$2y$10$jwneM8HTGCJL2ICyugLtMuqV9JWqPEZ72Dux5VyxmkAotPEyxyque', 'user'),
('admin', '$2y$10$AEjyWCmM32o2mJ8dz2gLkeoW3K6mogUiTY8y41cEO86YBlG7RbQnm', 'admin'),
('Dummy', '$2y$10$jwneM8HTGCJL2ICyugLtMuqV9JWqPEZ72Dux5VyxmkAotPEyxyque', 'user'),
('operator1', '$2y$10$hr.Hf4OkBqIMgDHotljxN.gk1FFo9t33lCaQgYX7Q4yBCg2iKNbAm', 'operator');

-- --------------------------------------------------------

--
-- Struktur dari tabel `tb_periksa`
--

CREATE TABLE `tb_periksa` (
  `id_periksa` int(10) NOT NULL,
  `username` varchar(15) NOT NULL,
  `var_gender` int(1) DEFAULT NULL,
  `var_usia` int(3) DEFAULT NULL,
  `var_sistol` float DEFAULT NULL,
  `var_diastol` float DEFAULT NULL,
  `var_HT` int(1) DEFAULT NULL,
  `var_smoker` int(1) DEFAULT NULL,
  `GD` float DEFAULT NULL,
  `var_GD` int(1) DEFAULT NULL,
  `tinggi` int(3) DEFAULT NULL,
  `berat` int(3) DEFAULT NULL,
  `var_BMI` float DEFAULT NULL,
  `tgl_test` timestamp NOT NULL DEFAULT CURRENT_TIMESTAMP,
  `valid` int(1) NOT NULL
) ENGINE=InnoDB DEFAULT CHARSET=latin1;

--
-- Dumping data untuk tabel `tb_periksa`
--

INSERT INTO `tb_periksa` (`id_periksa`, `username`, `var_gender`, `var_usia`, `var_sistol`, `var_diastol`, `var_HT`, `var_smoker`, `GD`, `var_GD`, `tinggi`, `berat`, `var_BMI`, `tgl_test`, `valid`) VALUES
(2, '01840400', 1, 32, 131, 95, 0, 1, 107, 0, 170, 85, 294.118, '2018-05-24 03:49:00', 1),
(3, '01811461', 1, 64, 148, 74, 1, 0, 222, 1, 165, 66, 24.24, '2018-05-24 03:49:01', 1),
(4, '00357540', 1, 89, 170, 70, 1, 1, 120, 0, 164, 75, 27.89, '2018-05-24 03:49:02', 1),
(5, '01756066', 0, 69, 120, 50, 0, 0, 116, 0, 150, 41, 18.22, '2018-05-24 03:49:03', 1),
(6, '01836808', 1, 57, 121, 81, 0, 1, 121, 0, 168, 57, 20.2, '2018-05-24 03:49:04', 1),
(7, '01779102', 0, 37, 138, 88, 0, 0, 124, 0, 156, 58, 23.83, '2018-05-24 03:49:05', 1),
(8, '01834532', 1, 59, 120, 83, 1, 1, 139, 1, 155, 55, 22.89, '2018-05-24 03:49:06', 1),
(9, '01671868', 1, 60, 175, 74, 1, 0, 162, 1, 165, 91, 33.43, '2018-05-24 03:49:07', 1),
(10, '00160686', 1, 68, 160, 88, 1, 1, 212, 1, 166, 82, 29.76, '2018-05-24 03:49:08', 1),
(11, '01342671', 0, 74, 179, 85, 1, 0, 118, 0, 150, 45, 20, '2018-05-24 03:49:09', 1),
(12, '01783167', 0, 62, 156, 70, 1, 0, 112, 0, 150, 49, 21.78, '2018-05-24 03:49:10', 1),
(13, '00883358', 0, 75, 125, 58, 1, 0, 225, 1, 153, 55, 23.5, '2018-05-24 03:49:11', 1),
(14, '01791470', 1, 61, 125, 80, 0, 1, 256, 1, 160, 67, 26.17, '2018-05-24 03:49:12', 1),
(15, '01547979', 1, 54, 146, 74, 1, 0, 200, 1, 161, 90, 34.72, '2018-05-24 03:49:13', 1),
(16, '01433593', 1, 36, 130, 87, 1, 1, 115, 0, 177, 94, 30, '2018-05-24 03:49:14', 1),
(17, '01717193', 0, 61, 129, 60, 1, 0, 187, 1, 162, 67, 25.53, '2018-05-24 03:49:15', 1),
(18, '01448149', 1, 53, 153, 81, 0, 1, 157, 1, 167, 78, 27.97, '2018-05-24 03:49:16', 1),
(19, '01832949', 1, 73, 112, 56, 1, 1, 117, 0, 165, 67, 24.61, '2018-05-24 03:49:17', 1),
(20, '01672445', 1, 63, 106, 66, 0, 0, 175, 1, 160, 75, 29.3, '2018-05-24 03:49:18', 1),
(21, '01143239', 1, 74, 140, 63, 0, 1, 80, 0, 162, 55, 20.96, '2018-05-24 03:49:19', 1),
(22, '01763019', 1, 54, 120, 73, 0, 1, 113, 0, 160, 51, 19.92, '2018-05-24 03:49:20', 1),
(23, '01592116', 1, 70, 130, 60, 1, 0, 107, 0, 161, 75, 28.93, '2018-05-24 03:49:21', 1),
(24, '01520734', 1, 66, 107, 60, 1, 1, 40, 0, 167, 77, 27.61, '2018-05-24 03:49:22', 1),
(25, '01701633', 1, 59, 154, 79, 1, 1, 317, 1, 166, 71, 25.77, '2018-05-24 03:49:23', 1),
(26, '01619725', 1, 64, 121, 37, 1, 0, 237, 1, 165, 60, 22.04, '2018-05-24 03:49:24', 1),
(27, '01681350', 1, 55, 117, 67, 1, 1, 167, 1, 150, 73, 32.44, '2018-05-24 03:49:25', 1),
(28, '00515849', 0, 48, 109, 67, 1, 0, 105, 0, 162, 76, 28.96, '2018-05-24 03:49:26', 1),
(29, '01832948', 1, 60, 145, 76, 1, 1, 274, 1, 172, 75, 25.35, '2018-05-24 03:49:27', 1),
(30, '01782143', 1, 53, 144, 93, 0, 1, 107, 0, 159, 61, 24.13, '2018-05-24 03:49:28', 1),
(31, '01386341', 1, 64, 119, 79, 1, 0, 147, 1, 168, 74, 26.22, '2018-05-24 03:49:29', 1),
(32, '01820341', 1, 58, 109, 84, 1, 1, 147, 1, 179, 83, 25.9, '2018-05-24 03:49:30', 1),
(33, '01546086', 0, 67, 112, 61, 1, 0, 153, 1, 150, 58, 25.78, '2018-05-24 03:49:31', 1),
(34, '01778435', 0, 68, 135, 51, 1, 0, 110, 0, 156, 48, 19.72, '2018-05-24 03:49:32', 1),
(35, '01183934', 1, 58, 128, 79, 1, 1, 162, 1, 163, 72, 27.1, '2018-05-24 03:49:33', 1),
(36, '01825332', 1, 68, 160, 90, 0, 1, 124, 0, 160, 58, 22.66, '2018-05-24 03:49:34', 1),
(37, '01813816', 1, 48, 103, 69, 1, 0, 100, 0, 155, 50, 20.81, '2018-05-24 03:49:35', 1),
(38, '01031691', 1, 60, 169, 89, 0, 1, 259, 1, 160, 70, 27.34, '2018-05-24 03:49:36', 1),
(39, '01783368', 1, 57, 140, 90, 1, 1, 89, 0, 160, 72, 28.13, '2018-05-24 03:49:37', 1),
(40, '01760966', 1, 49, 116, 80, 1, 0, 103, 0, 163, 55, 20.7, '2018-05-24 03:49:38', 1),
(41, '01767356', 1, 46, 127, 75, 0, 1, 162, 1, 168, 68, 24.09, '2018-05-24 03:49:39', 1),
(42, '00346646', 1, 75, 131, 80, 1, 1, 100, 0, 163, 50, 18.82, '2018-05-24 03:49:40', 1),
(43, '01804543', 1, 67, 165, 85, 0, 0, 147, 1, 169, 73, 25.56, '2018-05-24 03:49:41', 1),
(44, '01794417', 1, 61, 120, 70, 0, 1, 126, 1, 160, 60, 23.44, '2018-05-24 03:49:42', 1),
(45, '01783807', 0, 59, 119, 52, 1, 0, 152, 1, 169, 75, 26.26, '2018-05-24 03:49:43', 1),
(46, '01792411', 1, 39, 114, 65, 0, 1, 141, 1, 157, 55, 22.31, '2018-05-24 03:49:44', 1),
(47, '01780466', 0, 22, 109, 63, 1, 0, 80, 0, 160, 39, 15.23, '2018-05-24 03:49:45', 1),
(48, '01758753', 0, 51, 116, 59, 0, 0, 172, 1, 167, 67, 24.02, '2018-05-24 03:49:46', 1),
(49, '01799532', 0, 38, 128, 82, 1, 0, 87, 0, 152, 60, 25.97, '2018-05-24 03:49:47', 1),
(50, '01096682', 1, 78, 120, 70, 1, 1, 133, 1, 160, 50, 19.53, '2018-05-24 03:49:48', 1),
(51, '01138534', 1, 61, 111, 74, 1, 0, 131, 1, 181, 73, 22.28, '2018-05-24 03:49:49', 1),
(52, '01077697', 1, 65, 138, 78, 1, 1, 147, 1, 167, 74, 26.53, '2018-05-24 03:49:50', 1),
(53, '01840321', 1, 55, 121, 73, 1, 1, 0, 0, 160, 47, 18.36, '2018-05-24 03:49:51', 0),
(54, '00083114', 0, 43, 124, 81, 0, 0, 0, 0, 0, 0, 0, '2018-05-24 03:49:52', 0),
(55, '01840346', 0, 50, 96, 64, 1, 0, 0, 0, 150, 50, 22.22, '2018-05-24 03:49:53', 0),
(56, '01840344', 0, 52, 170, 81, 0, 0, 0, 0, 165, 71, 26.08, '2018-05-24 03:49:54', 0),
(57, '01656634', 0, 34, 120, 80, 1, 0, 0, 0, 150, 49, 21.78, '2018-05-24 03:49:55', 0),
(58, '01837864', 0, 68, 165, 94, 1, 0, 0, 0, 150, 35, 15.56, '2018-05-24 03:49:56', 0),
(59, '01436931', 1, 52, 153, 99, 0, 1, 0, 0, 0, 0, 0, '2018-05-24 03:49:57', 0),
(60, '01814814', 1, 57, 129, 81, 1, 1, 162, 1, 165, 75, 27.55, '2018-05-24 03:49:58', 1),
(61, '01520038', 1, 59, 104, 30, 1, 1, 146, 1, 162, 70, 26.67, '2018-05-24 03:49:59', 1),
(62, '00692620', 0, 83, 217, 105, 0, 0, 125, 0, 152, 70, 30.3, '0000-00-00 00:00:00', 1),
(63, '01737726', 0, 78, 117, 69, 1, 0, 0, 0, 157, 58, 23.53, '2018-05-24 03:50:00', 0),
(64, '01830190', 0, 43, 114, 67, 1, 0, 0, 0, 142, 49, 24.3, '2018-05-24 03:50:01', 0),
(65, '01837567', 0, 64, 134, 75, 0, 0, 0, 0, 147, 53, 24.53, '2018-05-24 03:50:02', 0),
(66, '01338980', 0, 58, 93, 59, 0, 0, 0, 0, 158, 72, 28.84, '2018-05-24 03:50:03', 0),
(67, '01328980', 0, 54, 160, 100, 1, 0, 581, 1, 157, 49, 19.88, '2018-05-24 03:50:04', 1),
(68, '01815464', 1, 54, 158, 80, 1, 1, 94, 0, 165, 60, 22.04, '2018-05-24 03:50:05', 1),
(69, '01829446', 1, 58, 156, 111, 0, 1, 0, 0, 160, 62, 24.22, '2018-05-24 03:50:06', 0),
(70, '01701605', 1, 50, 144, 85, 0, 1, 139, 1, 167, 65, 23.31, '2018-05-24 03:50:07', 1),
(71, '00431998', 0, 49, 145, 92, 1, 0, 95, 0, 168, 46, 16.3, '2018-05-24 03:50:08', 1),
(72, '01595996', 0, 65, 135, 84, 1, 0, 178, 1, 162, 85, 32.39, '2018-05-24 03:50:09', 1),
(73, '01719794', 0, 64, 186, 87, 1, 0, 0, 0, 155, 67, 27.89, '2018-05-24 03:50:10', 0),
(74, '01823485', 1, 57, 162, 98, 1, 1, 0, 0, 160, 60, 23.44, '2018-05-24 03:50:11', 0),
(75, '01554274', 1, 53, 137, 84, 1, 1, 77, 0, 0, 0, 0, '2018-05-24 03:50:12', 0),
(76, '01489832', 1, 74, 145, 76, 0, 1, 95, 0, 160, 64, 25, '2018-05-24 03:50:13', 1),
(77, '01777143', 0, 93, 190, 110, 0, 0, 0, 0, 160, 56, 21.88, '2018-05-24 03:50:14', 0),
(78, '00487816', 1, 60, 135, 83, 1, 1, 0, 0, 165, 65, 23.88, '2018-05-24 03:50:15', 0),
(79, '00501807', 1, 53, 180, 110, 0, 1, 153, 1, 159, 70, 27.69, '2018-05-24 03:50:16', 1),
(80, '01830004', 1, 59, 108, 69, 1, 1, 190, 1, 169, 79, 27.66, '2018-05-24 03:50:17', 1),
(81, '01802149', 0, 75, 140, 69, 0, 0, 120, 0, 147, 46, 21.29, '2018-05-24 03:50:18', 1),
(82, '01832991', 1, 64, 115, 71, 0, 1, 126, 1, 0, 0, 0, '2018-05-24 03:50:19', 0),
(83, '01839591', 1, 42, 120, 79, 1, 1, 0, 0, 165, 96, 35.26, '2018-05-24 03:50:20', 0),
(84, '01829215', 0, 71, 155, 87, 0, 0, 0, 0, 155, 55, 22.89, '2018-05-24 03:50:21', 0),
(85, '01841490', 1, 64, 0, 0, 0, 1, 0, 0, 171, 85, 29.07, '2018-05-24 03:50:22', 0),
(86, '01435851', 1, 53, 130, 73, 1, 1, 123, 0, 160, 67, 26.17, '2018-05-24 03:50:23', 1),
(87, '01196122', 0, 32, 164, 103, 1, 0, 80, 0, 162, 76, 28.96, '2018-05-24 03:50:24', 1),
(88, '01695169', 1, 58, 101, 53, 1, 1, 0, 0, 162, 65, 24.77, '2018-05-24 03:50:25', 0),
(89, '01832697', 0, 32, 110, 65, 0, 0, 0, 0, 157, 60, 24.34, '2018-05-24 03:50:26', 0),
(90, '01831083', 0, 34, 105, 64, 1, 0, 0, 0, 147, 37, 17.12, '2018-05-24 03:50:27', 0),
(91, '01774677', 0, 70, 118, 69, 0, 0, 102, 0, 152, 40, 17.31, '2018-05-24 03:50:28', 1),
(92, '01837477', 1, 47, 114, 87, 1, 1, 0, 0, 173, 60, 20.05, '2018-05-24 03:50:29', 0),
(93, '01815274', 1, 53, 79, 52, 0, 1, 106, 0, 165, 60, 22.04, '2018-05-24 03:50:30', 1),
(94, '01828072', 1, 57, 124, 71, 1, 1, 0, 0, 157, 65, 26.37, '2018-05-24 03:50:31', 0),
(95, '01775070', 1, 59, 164, 94, 1, 1, 0, 0, 174, 60, 19.82, '2018-05-24 03:50:32', 0),
(96, '01527469', 1, 71, 126, 64, 1, 1, 0, 0, 154, 44, 18.55, '2018-05-24 03:50:33', 0),
(97, '01828060', 1, 56, 125, 54, 1, 1, 0, 0, 160, 65, 25.39, '2018-05-24 03:50:34', 0),
(98, '01800558', 0, 54, 139, 88, 1, 0, 104, 0, 160, 69, 26.95, '2018-05-24 03:50:35', 1),
(99, '01826257', 1, 57, 120, 76, 1, 1, 0, 0, 155, 49, 20.4, '2018-05-24 03:50:36', 0),
(100, '01732543', 1, 54, 112, 57, 0, 1, 0, 0, 160, 57, 22.27, '2018-05-24 03:50:37', 0),
(101, '01780241', 0, 59, 110, 67, 1, 0, 0, 0, 150, 41, 18.22, '2018-05-24 03:50:38', 0),
(102, '01799729', 1, 47, 112, 74, 1, 1, 713, 1, 165, 43, 15.79, '2018-05-24 03:50:39', 0),
(103, '01114424', 0, 33, 120, 78, 1, 0, 86, 0, 165, 78, 28.65, '2018-05-24 03:50:40', 1),
(104, '01764415', 0, 67, 121, 74, 0, 0, 126, 1, 158, 44, 17.63, '2018-05-24 03:50:41', 1),
(105, '01837400', 0, 45, 161, 93, 0, 0, 0, 0, 155, 70, 29.14, '2018-05-24 03:50:42', 0),
(106, '01822213', 1, 50, 153, 100, 1, 1, 109, 0, 160, 73, 28.52, '2018-05-24 03:50:43', 1),
(107, '01788214', 0, 25, 103, 75, 1, 0, 83, 0, 150, 43, 19.11, '2018-05-24 03:50:44', 1),
(108, '01829413', 0, 20, 102, 75, 0, 0, 0, 0, 135, 25, 13.72, '2018-05-24 03:50:45', 0),
(109, '01777828', 0, 20, 115, 75, 0, 0, 292, 1, 152, 38, 16.45, '2018-05-24 03:50:46', 1),
(110, '01822145', 1, 23, 138, 72, 1, 1, 0, 0, 168, 0, 0, '2018-05-24 03:50:47', 0),
(111, '01817346', 1, 32, 138, 87, 1, 1, 0, 0, 169, 0, 0, '2018-05-24 03:50:48', 0),
(112, '01824949', 0, 57, 158, 91, 1, 0, 109, 0, 161, 74, 28.55, '2018-05-24 03:50:49', 1),
(113, '01816484', 0, 28, 107, 63, 0, 0, 127, 1, 140, 38, 19.39, '2018-05-24 03:50:50', 1),
(114, '01823292', 0, 26, 111, 64, 0, 0, 95, 0, 164, 40, 14.87, '2018-05-24 03:50:51', 1),
(115, '01834284', 0, 20, 100, 70, 0, 0, 0, 0, 156, 47, 19.31, '2018-05-24 03:50:52', 0),
(116, '00620394', 1, 47, 129, 81, 0, 1, 0, 0, 0, 0, 0, '2018-05-24 03:50:53', 0),
(117, '01840281', 0, 62, 105, 63, 0, 0, 0, 0, 0, 56, 0, '2018-05-24 03:50:54', 0),
(118, '01833683', 1, 52, 110, 65, 1, 1, 0, 0, 170, 75, 25.95, '2018-05-24 03:50:55', 0),
(119, '01817382', 1, 66, 159, 61, 0, 1, 271, 1, 165, 60, 22.04, '2018-05-24 03:50:56', 1),
(120, '01329777', 0, 33, 114, 74, 1, 0, 89, 0, 158, 70, 28.04, '2018-05-24 03:50:57', 1),
(121, '01509860', 1, 75, 113, 64, 1, 1, 125, 0, 165, 51, 18.73, '2018-05-24 03:50:58', 1),
(122, '01774654', 0, 23, 113, 68, 1, 0, 83, 0, 156, 43, 17.67, '2018-05-24 03:50:59', 1),
(123, '01722850', 0, 22, 130, 70, 0, 0, 68, 0, 149, 45, 20.27, '0000-00-00 00:00:00', 1),
(124, '01817599', 1, 47, 106, 65, 0, 1, 85, 0, 0, 0, 0, '0000-00-00 00:00:00', 0),
(125, '01829868', 1, 55, 138, 73, 0, 1, 179, 1, 170, 95, 32.87, '0000-00-00 00:00:00', 1),
(126, '01839455', 1, 60, 0, 0, 0, 1, 0, 0, 0, 0, 0, '0000-00-00 00:00:00', 0),
(127, '01829868', 1, 54, 109, 84, 1, 1, 147, 1, 179, 83, 25.9043, '2018-08-08 04:10:45', 1);

-- --------------------------------------------------------

--
-- Struktur dari tabel `tb_petugas`
--

CREATE TABLE `tb_petugas` (
  `id_petugas` int(10) NOT NULL,
  `username` varchar(15) NOT NULL,
  `nama` varchar(100) NOT NULL,
  `img` varchar(50) NOT NULL,
  `gender` enum('L','P') NOT NULL,
  `alamat` text NOT NULL,
  `hp` varchar(15) NOT NULL,
  `ket` text NOT NULL
) ENGINE=InnoDB DEFAULT CHARSET=latin1;

--
-- Dumping data untuk tabel `tb_petugas`
--

INSERT INTO `tb_petugas` (`id_petugas`, `username`, `nama`, `img`, `gender`, `alamat`, `hp`, `ket`) VALUES
(1, 'admin', 'Anggraini Diah Puspitaningrumsfs', 'X9HCP8I5SNYL16MFBEOWATZ3G0DUVRKQ2J74.jpg', 'L', 'Ngentak Sumberadi Mlati Sleman Yogyakarta', '087851484838', 'admindfwfsfte'),
(2, 'operator1', 'Operator', '54V7HJMF6P3IOB8N9QDKCZUTLS0GWX1YE2RA.png', 'L', 'Sleman', '8989', 'jjlkjdljasd');

-- --------------------------------------------------------

--
-- Struktur dari tabel `tb_rule`
--

CREATE TABLE `tb_rule` (
  `id_rule` int(11) NOT NULL,
  `gender` varchar(20) NOT NULL,
  `usia` varchar(20) NOT NULL,
  `tekanan_darah` varchar(20) NOT NULL,
  `bmi` varchar(20) NOT NULL,
  `HT` varchar(20) NOT NULL,
  `smoker` varchar(20) NOT NULL,
  `GD` varchar(20) NOT NULL,
  `tingkat_risiko` varchar(20) NOT NULL
) ENGINE=InnoDB DEFAULT CHARSET=latin1;

--
-- Dumping data untuk tabel `tb_rule`
--

INSERT INTO `tb_rule` (`id_rule`, `gender`, `usia`, `tekanan_darah`, `bmi`, `HT`, `smoker`, `GD`, `tingkat_risiko`) VALUES
(1, 'P', 'DEWASA', 'RENDAH', 'KURUS', 'TIDAK', 'TIDAK', 'TIDAK', 'RENDAH'),
(2, 'P', 'DEWASA', 'RENDAH', 'NORMAL', 'TIDAK', 'TIDAK', 'TIDAK', 'RENDAH'),
(3, 'P', 'DEWASA', 'RENDAH', 'OBESITAS', 'TIDAK', 'TIDAK', 'TIDAK', 'RENDAH'),
(4, 'P', 'DEWASA', 'RENDAH', 'KURUS', 'TIDAK', 'TIDAK', 'YA', 'RENDAH'),
(5, 'P', 'DEWASA', 'RENDAH', 'NORMAL', 'TIDAK', 'TIDAK', 'YA', 'RENDAH'),
(6, 'P', 'DEWASA', 'RENDAH', 'OBESITAS', 'TIDAK', 'TIDAK', 'YA', 'RENDAH'),
(7, 'P', 'DEWASA', 'RENDAH', 'KURUS', 'TIDAK', 'YA', 'TIDAK', 'RENDAH'),
(8, 'P', 'DEWASA', 'RENDAH', 'NORMAL', 'TIDAK', 'YA', 'TIDAK', 'RENDAH'),
(9, 'P', 'DEWASA', 'RENDAH', 'OBESITAS', 'TIDAK', 'YA', 'TIDAK', 'RENDAH'),
(10, 'P', 'DEWASA', 'RENDAH', 'KURUS', 'TIDAK', 'YA', 'YA', 'RENDAH'),
(11, 'P', 'DEWASA', 'RENDAH', 'NORMAL', 'TIDAK', 'YA', 'YA', 'RENDAH'),
(12, 'P', 'DEWASA', 'RENDAH', 'OBESITAS', 'TIDAK', 'YA', 'YA', 'RENDAH'),
(13, 'P', 'DEWASA', 'RENDAH', 'KURUS', 'YA', 'TIDAK', 'TIDAK', 'RENDAH'),
(14, 'P', 'DEWASA', 'RENDAH', 'NORMAL', 'YA', 'TIDAK', 'TIDAK', 'RENDAH'),
(15, 'P', 'DEWASA', 'RENDAH', 'OBESITAS', 'YA', 'TIDAK', 'TIDAK', 'RENDAH'),
(16, 'P', 'DEWASA', 'RENDAH', 'KURUS', 'YA', 'TIDAK', 'YA', 'RENDAH'),
(17, 'P', 'DEWASA', 'RENDAH', 'NORMAL', 'YA', 'TIDAK', 'YA', 'RENDAH'),
(18, 'P', 'DEWASA', 'RENDAH', 'OBESITAS', 'YA', 'TIDAK', 'YA', 'RENDAH'),
(19, 'P', 'DEWASA', 'RENDAH', 'KURUS', 'YA', 'YA', 'TIDAK', 'RENDAH'),
(20, 'P', 'DEWASA', 'RENDAH', 'NORMAL', 'YA', 'YA', 'TIDAK', 'RENDAH'),
(21, 'P', 'DEWASA', 'RENDAH', 'OBESITAS', 'YA', 'YA', 'TIDAK', 'RENDAH'),
(22, 'P', 'DEWASA', 'RENDAH', 'KURUS', 'YA', 'YA', 'YA', 'RENDAH'),
(23, 'P', 'DEWASA', 'RENDAH', 'NORMAL', 'YA', 'YA', 'YA', 'SEDANG'),
(24, 'P', 'DEWASA', 'RENDAH', 'OBESITAS', 'YA', 'YA', 'YA', 'SEDANG'),
(25, 'P', 'DEWASA', 'NORMAL', 'KURUS', 'TIDAK', 'TIDAK', 'TIDAK', 'RENDAH'),
(26, 'P', 'DEWASA', 'NORMAL', 'NORMAL', 'TIDAK', 'TIDAK', 'TIDAK', 'RENDAH'),
(27, 'P', 'DEWASA', 'NORMAL', 'OBESITAS', 'TIDAK', 'TIDAK', 'TIDAK', 'RENDAH'),
(28, 'P', 'DEWASA', 'NORMAL', 'KURUS', 'TIDAK', 'TIDAK', 'YA', 'RENDAH'),
(29, 'P', 'DEWASA', 'NORMAL', 'NORMAL', 'TIDAK', 'TIDAK', 'YA', 'SEDANG'),
(30, 'P', 'DEWASA', 'NORMAL', 'OBESITAS', 'TIDAK', 'TIDAK', 'YA', 'SEDANG'),
(31, 'P', 'DEWASA', 'NORMAL', 'KURUS', 'TIDAK', 'YA', 'TIDAK', 'SEDANG'),
(32, 'P', 'DEWASA', 'NORMAL', 'NORMAL', 'TIDAK', 'YA', 'TIDAK', 'SEDANG'),
(33, 'P', 'DEWASA', 'NORMAL', 'OBESITAS', 'TIDAK', 'YA', 'TIDAK', 'SEDANG'),
(34, 'P', 'DEWASA', 'NORMAL', 'KURUS', 'TIDAK', 'YA', 'YA', 'SEDANG'),
(35, 'P', 'DEWASA', 'NORMAL', 'NORMAL', 'TIDAK', 'YA', 'YA', 'SEDANG'),
(36, 'P', 'DEWASA', 'NORMAL', 'OBESITAS', 'TIDAK', 'YA', 'YA', 'SEDANG'),
(37, 'P', 'DEWASA', 'NORMAL', 'KURUS', 'YA', 'TIDAK', 'TIDAK', 'RENDAH'),
(38, 'P', 'DEWASA', 'NORMAL', 'NORMAL', 'YA', 'TIDAK', 'TIDAK', 'RENDAH'),
(39, 'P', 'DEWASA', 'NORMAL', 'OBESITAS', 'YA', 'TIDAK', 'TIDAK', 'RENDAH'),
(40, 'P', 'DEWASA', 'NORMAL', 'KURUS', 'YA', 'TIDAK', 'YA', 'SEDANG'),
(41, 'P', 'DEWASA', 'NORMAL', 'NORMAL', 'YA', 'TIDAK', 'YA', 'SEDANG'),
(42, 'P', 'DEWASA', 'NORMAL', 'OBESITAS', 'YA', 'TIDAK', 'YA', 'SEDANG'),
(43, 'P', 'DEWASA', 'NORMAL', 'KURUS', 'YA', 'YA', 'TIDAK', 'SEDANG'),
(44, 'P', 'DEWASA', 'NORMAL', 'NORMAL', 'YA', 'YA', 'TIDAK', 'SEDANG'),
(45, 'P', 'DEWASA', 'NORMAL', 'OBESITAS', 'YA', 'YA', 'TIDAK', 'SEDANG'),
(46, 'P', 'DEWASA', 'NORMAL', 'KURUS', 'YA', 'YA', 'YA', 'RENDAH'),
(47, 'P', 'DEWASA', 'NORMAL', 'NORMAL', 'YA', 'YA', 'YA', 'SEDANG'),
(48, 'P', 'DEWASA', 'NORMAL', 'OBESITAS', 'YA', 'YA', 'YA', 'SEDANG'),
(49, 'P', 'DEWASA', 'TINGGI', 'KURUS', 'TIDAK', 'TIDAK', 'TIDAK', 'RENDAH'),
(50, 'P', 'DEWASA', 'TINGGI', 'NORMAL', 'TIDAK', 'TIDAK', 'TIDAK', 'RENDAH'),
(51, 'P', 'DEWASA', 'TINGGI', 'OBESITAS', 'TIDAK', 'TIDAK', 'TIDAK', 'RENDAH'),
(52, 'P', 'DEWASA', 'TINGGI', 'KURUS', 'TIDAK', 'TIDAK', 'YA', 'SEDANG'),
(53, 'P', 'DEWASA', 'TINGGI', 'NORMAL', 'TIDAK', 'TIDAK', 'YA', 'SEDANG'),
(54, 'P', 'DEWASA', 'TINGGI', 'OBESITAS', 'TIDAK', 'TIDAK', 'YA', 'SEDANG'),
(55, 'P', 'DEWASA', 'TINGGI', 'KURUS', 'TIDAK', 'YA', 'TIDAK', 'SEDANG'),
(56, 'P', 'DEWASA', 'TINGGI', 'NORMAL', 'TIDAK', 'YA', 'TIDAK', 'SEDANG'),
(57, 'P', 'DEWASA', 'TINGGI', 'OBESITAS', 'TIDAK', 'YA', 'TIDAK', 'SEDANG'),
(58, 'P', 'DEWASA', 'TINGGI', 'KURUS', 'TIDAK', 'YA', 'YA', 'SEDANG'),
(59, 'P', 'DEWASA', 'TINGGI', 'NORMAL', 'TIDAK', 'YA', 'YA', 'SEDANG'),
(60, 'P', 'DEWASA', 'TINGGI', 'OBESITAS', 'TIDAK', 'YA', 'YA', 'SEDANG'),
(61, 'P', 'DEWASA', 'TINGGI', 'KURUS', 'YA', 'TIDAK', 'TIDAK', 'RENDAH'),
(62, 'P', 'DEWASA', 'TINGGI', 'NORMAL', 'YA', 'TIDAK', 'TIDAK', 'RENDAH'),
(63, 'P', 'DEWASA', 'TINGGI', 'OBESITAS', 'YA', 'TIDAK', 'TIDAK', 'RENDAH'),
(64, 'P', 'DEWASA', 'TINGGI', 'KURUS', 'YA', 'TIDAK', 'YA', 'SEDANG'),
(65, 'P', 'DEWASA', 'TINGGI', 'NORMAL', 'YA', 'TIDAK', 'YA', 'SEDANG'),
(66, 'P', 'DEWASA', 'TINGGI', 'OBESITAS', 'YA', 'TIDAK', 'YA', 'SEDANG'),
(67, 'P', 'DEWASA', 'TINGGI', 'KURUS', 'YA', 'YA', 'TIDAK', 'SEDANG'),
(68, 'P', 'DEWASA', 'TINGGI', 'NORMAL', 'YA', 'YA', 'TIDAK', 'SEDANG'),
(69, 'P', 'DEWASA', 'TINGGI', 'OBESITAS', 'YA', 'YA', 'TIDAK', 'SEDANG'),
(70, 'P', 'DEWASA', 'TINGGI', 'KURUS', 'YA', 'YA', 'YA', 'RENDAH'),
(71, 'P', 'DEWASA', 'TINGGI', 'NORMAL', 'YA', 'YA', 'YA', 'SEDANG'),
(72, 'P', 'DEWASA', 'TINGGI', 'OBESITAS', 'YA', 'YA', 'YA', 'SEDANG'),
(73, 'P', 'LANSIA', 'RENDAH', 'KURUS', 'TIDAK', 'TIDAK', 'TIDAK', 'RENDAH'),
(74, 'P', 'LANSIA', 'RENDAH', 'NORMAL', 'TIDAK', 'TIDAK', 'TIDAK', 'SEDANG'),
(75, 'P', 'LANSIA', 'RENDAH', 'OBESITAS', 'TIDAK', 'TIDAK', 'TIDAK', 'SEDANG'),
(76, 'P', 'LANSIA', 'RENDAH', 'KURUS', 'TIDAK', 'TIDAK', 'YA', 'SEDANG'),
(77, 'P', 'LANSIA', 'RENDAH', 'NORMAL', 'TIDAK', 'TIDAK', 'YA', 'RENDAH'),
(78, 'P', 'LANSIA', 'RENDAH', 'OBESITAS', 'TIDAK', 'TIDAK', 'YA', 'RENDAH'),
(79, 'P', 'LANSIA', 'RENDAH', 'KURUS', 'TIDAK', 'YA', 'TIDAK', 'SEDANG'),
(80, 'P', 'LANSIA', 'RENDAH', 'NORMAL', 'TIDAK', 'YA', 'TIDAK', 'SEDANG'),
(81, 'P', 'LANSIA', 'RENDAH', 'OBESITAS', 'TIDAK', 'YA', 'TIDAK', 'SEDANG'),
(82, 'P', 'LANSIA', 'RENDAH', 'KURUS', 'TIDAK', 'YA', 'YA', 'SEDANG'),
(83, 'P', 'LANSIA', 'RENDAH', 'NORMAL', 'TIDAK', 'YA', 'YA', 'SEDANG'),
(84, 'P', 'LANSIA', 'RENDAH', 'OBESITAS', 'TIDAK', 'YA', 'YA', 'SEDANG'),
(85, 'P', 'LANSIA', 'RENDAH', 'KURUS', 'YA', 'TIDAK', 'TIDAK', 'SEDANG'),
(86, 'P', 'LANSIA', 'RENDAH', 'NORMAL', 'YA', 'TIDAK', 'TIDAK', 'RENDAH'),
(87, 'P', 'LANSIA', 'RENDAH', 'OBESITAS', 'YA', 'TIDAK', 'TIDAK', 'RENDAH'),
(88, 'P', 'LANSIA', 'RENDAH', 'KURUS', 'YA', 'TIDAK', 'YA', 'SEDANG'),
(89, 'P', 'LANSIA', 'RENDAH', 'NORMAL', 'YA', 'TIDAK', 'YA', 'SEDANG'),
(90, 'P', 'LANSIA', 'RENDAH', 'OBESITAS', 'YA', 'TIDAK', 'YA', 'SEDANG'),
(91, 'P', 'LANSIA', 'RENDAH', 'KURUS', 'YA', 'YA', 'TIDAK', 'SEDANG'),
(92, 'P', 'LANSIA', 'RENDAH', 'NORMAL', 'YA', 'YA', 'TIDAK', 'SEDANG'),
(93, 'P', 'LANSIA', 'RENDAH', 'OBESITAS', 'YA', 'YA', 'TIDAK', 'SEDANG'),
(94, 'P', 'LANSIA', 'RENDAH', 'KURUS', 'YA', 'YA', 'YA', 'RENDAH'),
(95, 'P', 'LANSIA', 'RENDAH', 'NORMAL', 'YA', 'YA', 'YA', 'TINGGI'),
(96, 'P', 'LANSIA', 'RENDAH', 'OBESITAS', 'YA', 'YA', 'YA', 'TINGGI'),
(97, 'P', 'LANSIA', 'NORMAL', 'KURUS', 'TIDAK', 'TIDAK', 'TIDAK', 'RENDAH'),
(98, 'P', 'LANSIA', 'NORMAL', 'NORMAL', 'TIDAK', 'TIDAK', 'TIDAK', 'TINGGI'),
(99, 'P', 'LANSIA', 'NORMAL', 'OBESITAS', 'TIDAK', 'TIDAK', 'TIDAK', 'TINGGI'),
(100, 'P', 'LANSIA', 'NORMAL', 'KURUS', 'TIDAK', 'TIDAK', 'YA', 'SEDANG'),
(101, 'P', 'LANSIA', 'NORMAL', 'NORMAL', 'TIDAK', 'TIDAK', 'YA', 'RENDAH'),
(102, 'P', 'LANSIA', 'NORMAL', 'OBESITAS', 'TIDAK', 'TIDAK', 'YA', 'RENDAH'),
(103, 'P', 'LANSIA', 'NORMAL', 'KURUS', 'TIDAK', 'YA', 'TIDAK', 'TINGGI'),
(104, 'P', 'LANSIA', 'NORMAL', 'NORMAL', 'TIDAK', 'YA', 'TIDAK', 'TINGGI'),
(105, 'P', 'LANSIA', 'NORMAL', 'OBESITAS', 'TIDAK', 'YA', 'TIDAK', 'TINGGI'),
(106, 'P', 'LANSIA', 'NORMAL', 'KURUS', 'TIDAK', 'YA', 'YA', 'TINGGI'),
(107, 'P', 'LANSIA', 'NORMAL', 'NORMAL', 'TIDAK', 'YA', 'YA', 'TINGGI'),
(108, 'P', 'LANSIA', 'NORMAL', 'OBESITAS', 'TIDAK', 'YA', 'YA', 'TINGGI'),
(109, 'P', 'LANSIA', 'NORMAL', 'KURUS', 'YA', 'TIDAK', 'TIDAK', 'RENDAH'),
(110, 'P', 'LANSIA', 'NORMAL', 'NORMAL', 'YA', 'TIDAK', 'TIDAK', 'TINGGI'),
(111, 'P', 'LANSIA', 'NORMAL', 'OBESITAS', 'YA', 'TIDAK', 'TIDAK', 'TINGGI'),
(112, 'P', 'LANSIA', 'NORMAL', 'KURUS', 'YA', 'TIDAK', 'YA', 'TINGGI'),
(113, 'P', 'LANSIA', 'NORMAL', 'NORMAL', 'YA', 'TIDAK', 'YA', 'TINGGI'),
(114, 'P', 'LANSIA', 'NORMAL', 'OBESITAS', 'YA', 'TIDAK', 'YA', 'TINGGI'),
(115, 'P', 'LANSIA', 'NORMAL', 'KURUS', 'YA', 'YA', 'TIDAK', 'TINGGI'),
(116, 'P', 'LANSIA', 'NORMAL', 'NORMAL', 'YA', 'YA', 'TIDAK', 'TINGGI'),
(117, 'P', 'LANSIA', 'NORMAL', 'OBESITAS', 'YA', 'YA', 'TIDAK', 'TINGGI'),
(118, 'P', 'LANSIA', 'NORMAL', 'KURUS', 'YA', 'YA', 'YA', 'RENDAH'),
(119, 'P', 'LANSIA', 'NORMAL', 'NORMAL', 'YA', 'YA', 'YA', 'TINGGI'),
(120, 'P', 'LANSIA', 'NORMAL', 'OBESITAS', 'YA', 'YA', 'YA', 'TINGGI'),
(121, 'P', 'LANSIA', 'TINGGI', 'KURUS', 'TIDAK', 'TIDAK', 'TIDAK', 'TINGGI'),
(122, 'P', 'LANSIA', 'TINGGI', 'NORMAL', 'TIDAK', 'TIDAK', 'TIDAK', 'TINGGI'),
(123, 'P', 'LANSIA', 'TINGGI', 'OBESITAS', 'TIDAK', 'TIDAK', 'TIDAK', 'TINGGI'),
(124, 'P', 'LANSIA', 'TINGGI', 'KURUS', 'TIDAK', 'TIDAK', 'YA', 'SEDANG'),
(125, 'P', 'LANSIA', 'TINGGI', 'NORMAL', 'TIDAK', 'TIDAK', 'YA', 'TINGGI'),
(126, 'P', 'LANSIA', 'TINGGI', 'OBESITAS', 'TIDAK', 'TIDAK', 'YA', 'TINGGI'),
(127, 'P', 'LANSIA', 'TINGGI', 'KURUS', 'TIDAK', 'YA', 'TIDAK', 'TINGGI'),
(128, 'P', 'LANSIA', 'TINGGI', 'NORMAL', 'TIDAK', 'YA', 'TIDAK', 'TINGGI'),
(129, 'P', 'LANSIA', 'TINGGI', 'OBESITAS', 'TIDAK', 'YA', 'TIDAK', 'TINGGI'),
(130, 'P', 'LANSIA', 'TINGGI', 'KURUS', 'TIDAK', 'YA', 'YA', 'TINGGI'),
(131, 'P', 'LANSIA', 'TINGGI', 'NORMAL', 'TIDAK', 'YA', 'YA', 'TINGGI'),
(132, 'P', 'LANSIA', 'TINGGI', 'OBESITAS', 'TIDAK', 'YA', 'YA', 'TINGGI'),
(133, 'P', 'LANSIA', 'TINGGI', 'KURUS', 'YA', 'TIDAK', 'TIDAK', 'RENDAH'),
(134, 'P', 'LANSIA', 'TINGGI', 'NORMAL', 'YA', 'TIDAK', 'TIDAK', 'TINGGI'),
(135, 'P', 'LANSIA', 'TINGGI', 'OBESITAS', 'YA', 'TIDAK', 'TIDAK', 'TINGGI'),
(136, 'P', 'LANSIA', 'TINGGI', 'KURUS', 'YA', 'TIDAK', 'YA', 'TINGGI'),
(137, 'P', 'LANSIA', 'TINGGI', 'NORMAL', 'YA', 'TIDAK', 'YA', 'TINGGI'),
(138, 'P', 'LANSIA', 'TINGGI', 'OBESITAS', 'YA', 'TIDAK', 'YA', 'TINGGI'),
(139, 'P', 'LANSIA', 'TINGGI', 'KURUS', 'YA', 'YA', 'TIDAK', 'TINGGI'),
(140, 'P', 'LANSIA', 'TINGGI', 'NORMAL', 'YA', 'YA', 'TIDAK', 'TINGGI'),
(141, 'P', 'LANSIA', 'TINGGI', 'OBESITAS', 'YA', 'YA', 'TIDAK', 'TINGGI'),
(142, 'P', 'LANSIA', 'TINGGI', 'KURUS', 'YA', 'YA', 'YA', 'SEDANG'),
(143, 'P', 'LANSIA', 'TINGGI', 'NORMAL', 'YA', 'YA', 'YA', 'TINGGI'),
(144, 'P', 'LANSIA', 'TINGGI', 'OBESITAS', 'YA', 'YA', 'YA', 'TINGGI'),
(145, 'P', 'MANULA', 'RENDAH', 'KURUS', 'TIDAK', 'TIDAK', 'TIDAK', 'RENDAH'),
(146, 'P', 'MANULA', 'RENDAH', 'NORMAL', 'TIDAK', 'TIDAK', 'TIDAK', 'TINGGI'),
(147, 'P', 'MANULA', 'RENDAH', 'OBESITAS', 'TIDAK', 'TIDAK', 'TIDAK', 'TINGGI'),
(148, 'P', 'MANULA', 'RENDAH', 'KURUS', 'TIDAK', 'TIDAK', 'YA', 'TINGGI'),
(149, 'P', 'MANULA', 'RENDAH', 'NORMAL', 'TIDAK', 'TIDAK', 'YA', 'RENDAH'),
(150, 'P', 'MANULA', 'RENDAH', 'OBESITAS', 'TIDAK', 'TIDAK', 'YA', 'RENDAH'),
(151, 'P', 'MANULA', 'RENDAH', 'KURUS', 'TIDAK', 'YA', 'TIDAK', 'TINGGI'),
(152, 'P', 'MANULA', 'RENDAH', 'NORMAL', 'TIDAK', 'YA', 'TIDAK', 'TINGGI'),
(153, 'P', 'MANULA', 'RENDAH', 'OBESITAS', 'TIDAK', 'YA', 'TIDAK', 'TINGGI'),
(154, 'P', 'MANULA', 'RENDAH', 'KURUS', 'TIDAK', 'YA', 'YA', 'TINGGI'),
(155, 'P', 'MANULA', 'RENDAH', 'NORMAL', 'TIDAK', 'YA', 'YA', 'TINGGI'),
(156, 'P', 'MANULA', 'RENDAH', 'OBESITAS', 'TIDAK', 'YA', 'YA', 'TINGGI'),
(157, 'P', 'MANULA', 'RENDAH', 'KURUS', 'YA', 'TIDAK', 'TIDAK', 'TINGGI'),
(158, 'P', 'MANULA', 'RENDAH', 'NORMAL', 'YA', 'TIDAK', 'TIDAK', 'TINGGI'),
(159, 'P', 'MANULA', 'RENDAH', 'OBESITAS', 'YA', 'TIDAK', 'TIDAK', 'TINGGI'),
(160, 'P', 'MANULA', 'RENDAH', 'KURUS', 'YA', 'TIDAK', 'YA', 'TINGGI'),
(161, 'P', 'MANULA', 'RENDAH', 'NORMAL', 'YA', 'TIDAK', 'YA', 'TINGGI'),
(162, 'P', 'MANULA', 'RENDAH', 'OBESITAS', 'YA', 'TIDAK', 'YA', 'TINGGI'),
(163, 'P', 'MANULA', 'RENDAH', 'KURUS', 'YA', 'YA', 'TIDAK', 'TINGGI'),
(164, 'P', 'MANULA', 'RENDAH', 'NORMAL', 'YA', 'YA', 'TIDAK', 'TINGGI'),
(165, 'P', 'MANULA', 'RENDAH', 'OBESITAS', 'YA', 'YA', 'TIDAK', 'TINGGI'),
(166, 'P', 'MANULA', 'RENDAH', 'KURUS', 'YA', 'YA', 'YA', 'TINGGI'),
(167, 'P', 'MANULA', 'RENDAH', 'NORMAL', 'YA', 'YA', 'YA', 'TINGGI'),
(168, 'P', 'MANULA', 'RENDAH', 'OBESITAS', 'YA', 'YA', 'YA', 'TINGGI'),
(169, 'P', 'MANULA', 'NORMAL', 'KURUS', 'TIDAK', 'TIDAK', 'TIDAK', 'SEDANG'),
(170, 'P', 'MANULA', 'NORMAL', 'NORMAL', 'TIDAK', 'TIDAK', 'TIDAK', 'TINGGI'),
(171, 'P', 'MANULA', 'NORMAL', 'OBESITAS', 'TIDAK', 'TIDAK', 'TIDAK', 'TINGGI'),
(172, 'P', 'MANULA', 'NORMAL', 'KURUS', 'TIDAK', 'TIDAK', 'YA', 'SEDANG'),
(173, 'P', 'MANULA', 'NORMAL', 'NORMAL', 'TIDAK', 'TIDAK', 'YA', 'RENDAH'),
(174, 'P', 'MANULA', 'NORMAL', 'OBESITAS', 'TIDAK', 'TIDAK', 'YA', 'RENDAH'),
(175, 'P', 'MANULA', 'NORMAL', 'KURUS', 'TIDAK', 'YA', 'TIDAK', 'TINGGI'),
(176, 'P', 'MANULA', 'NORMAL', 'NORMAL', 'TIDAK', 'YA', 'TIDAK', 'TINGGI'),
(177, 'P', 'MANULA', 'NORMAL', 'OBESITAS', 'TIDAK', 'YA', 'TIDAK', 'TINGGI'),
(178, 'P', 'MANULA', 'NORMAL', 'KURUS', 'TIDAK', 'YA', 'YA', 'TINGGI'),
(179, 'P', 'MANULA', 'NORMAL', 'NORMAL', 'TIDAK', 'YA', 'YA', 'TINGGI'),
(180, 'P', 'MANULA', 'NORMAL', 'OBESITAS', 'TIDAK', 'YA', 'YA', 'TINGGI'),
(181, 'P', 'MANULA', 'NORMAL', 'KURUS', 'YA', 'TIDAK', 'TIDAK', 'TINGGI'),
(182, 'P', 'MANULA', 'NORMAL', 'NORMAL', 'YA', 'TIDAK', 'TIDAK', 'TINGGI'),
(183, 'P', 'MANULA', 'NORMAL', 'OBESITAS', 'YA', 'TIDAK', 'TIDAK', 'TINGGI'),
(184, 'P', 'MANULA', 'NORMAL', 'KURUS', 'YA', 'TIDAK', 'YA', 'TINGGI'),
(185, 'P', 'MANULA', 'NORMAL', 'NORMAL', 'YA', 'TIDAK', 'YA', 'TINGGI'),
(186, 'P', 'MANULA', 'NORMAL', 'OBESITAS', 'YA', 'TIDAK', 'YA', 'TINGGI'),
(187, 'P', 'MANULA', 'NORMAL', 'KURUS', 'YA', 'YA', 'TIDAK', 'TINGGI'),
(188, 'P', 'MANULA', 'NORMAL', 'NORMAL', 'YA', 'YA', 'TIDAK', 'TINGGI'),
(189, 'P', 'MANULA', 'NORMAL', 'OBESITAS', 'YA', 'YA', 'TIDAK', 'TINGGI'),
(190, 'P', 'MANULA', 'NORMAL', 'KURUS', 'YA', 'YA', 'YA', 'TINGGI'),
(191, 'P', 'MANULA', 'NORMAL', 'NORMAL', 'YA', 'YA', 'YA', 'TINGGI'),
(192, 'P', 'MANULA', 'NORMAL', 'OBESITAS', 'YA', 'YA', 'YA', 'TINGGI'),
(193, 'P', 'MANULA', 'TINGGI', 'KURUS', 'TIDAK', 'TIDAK', 'TIDAK', 'TINGGI'),
(194, 'P', 'MANULA', 'TINGGI', 'NORMAL', 'TIDAK', 'TIDAK', 'TIDAK', 'TINGGI'),
(195, 'P', 'MANULA', 'TINGGI', 'OBESITAS', 'TIDAK', 'TIDAK', 'TIDAK', 'TINGGI'),
(196, 'P', 'MANULA', 'TINGGI', 'KURUS', 'TIDAK', 'TIDAK', 'YA', 'SEDANG'),
(197, 'P', 'MANULA', 'TINGGI', 'NORMAL', 'TIDAK', 'TIDAK', 'YA', 'TINGGI'),
(198, 'P', 'MANULA', 'TINGGI', 'OBESITAS', 'TIDAK', 'TIDAK', 'YA', 'TINGGI'),
(199, 'P', 'MANULA', 'TINGGI', 'KURUS', 'TIDAK', 'YA', 'TIDAK', 'TINGGI'),
(200, 'P', 'MANULA', 'TINGGI', 'NORMAL', 'TIDAK', 'YA', 'TIDAK', 'TINGGI'),
(201, 'P', 'MANULA', 'TINGGI', 'OBESITAS', 'TIDAK', 'YA', 'TIDAK', 'TINGGI'),
(202, 'P', 'MANULA', 'TINGGI', 'KURUS', 'TIDAK', 'YA', 'YA', 'TINGGI'),
(203, 'P', 'MANULA', 'TINGGI', 'NORMAL', 'TIDAK', 'YA', 'YA', 'TINGGI'),
(204, 'P', 'MANULA', 'TINGGI', 'OBESITAS', 'TIDAK', 'YA', 'YA', 'TINGGI'),
(205, 'P', 'MANULA', 'TINGGI', 'KURUS', 'YA', 'TIDAK', 'TIDAK', 'TINGGI'),
(206, 'P', 'MANULA', 'TINGGI', 'NORMAL', 'YA', 'TIDAK', 'TIDAK', 'TINGGI'),
(207, 'P', 'MANULA', 'TINGGI', 'OBESITAS', 'YA', 'TIDAK', 'TIDAK', 'TINGGI'),
(208, 'P', 'MANULA', 'TINGGI', 'KURUS', 'YA', 'TIDAK', 'YA', 'TINGGI'),
(209, 'P', 'MANULA', 'TINGGI', 'NORMAL', 'YA', 'TIDAK', 'YA', 'TINGGI'),
(210, 'P', 'MANULA', 'TINGGI', 'OBESITAS', 'YA', 'TIDAK', 'YA', 'TINGGI'),
(211, 'P', 'MANULA', 'TINGGI', 'KURUS', 'YA', 'YA', 'TIDAK', 'TINGGI'),
(212, 'P', 'MANULA', 'TINGGI', 'NORMAL', 'YA', 'YA', 'TIDAK', 'TINGGI'),
(213, 'P', 'MANULA', 'TINGGI', 'OBESITAS', 'YA', 'YA', 'TIDAK', 'TINGGI'),
(214, 'P', 'MANULA', 'TINGGI', 'KURUS', 'YA', 'YA', 'YA', 'TINGGI'),
(215, 'P', 'MANULA', 'TINGGI', 'NORMAL', 'YA', 'YA', 'YA', 'TINGGI'),
(216, 'P', 'MANULA', 'TINGGI', 'OBESITAS', 'YA', 'YA', 'YA', 'TINGGI'),
(217, 'L', 'DEWASA', 'RENDAH', 'KURUS', 'TIDAK', 'TIDAK', 'TIDAK', 'RENDAH'),
(218, 'L', 'DEWASA', 'RENDAH', 'NORMAL', 'TIDAK', 'TIDAK', 'TIDAK', 'RENDAH'),
(219, 'L', 'DEWASA', 'RENDAH', 'OBESITAS', 'TIDAK', 'TIDAK', 'TIDAK', 'RENDAH'),
(220, 'L', 'DEWASA', 'RENDAH', 'KURUS', 'TIDAK', 'TIDAK', 'YA', 'RENDAH'),
(221, 'L', 'DEWASA', 'RENDAH', 'NORMAL', 'TIDAK', 'TIDAK', 'YA', 'RENDAH'),
(222, 'L', 'DEWASA', 'RENDAH', 'OBESITAS', 'TIDAK', 'TIDAK', 'YA', 'RENDAH'),
(223, 'L', 'DEWASA', 'RENDAH', 'KURUS', 'TIDAK', 'YA', 'TIDAK', 'RENDAH'),
(224, 'L', 'DEWASA', 'RENDAH', 'NORMAL', 'TIDAK', 'YA', 'TIDAK', 'RENDAH'),
(225, 'L', 'DEWASA', 'RENDAH', 'OBESITAS', 'TIDAK', 'YA', 'TIDAK', 'RENDAH'),
(226, 'L', 'DEWASA', 'RENDAH', 'KURUS', 'TIDAK', 'YA', 'YA', 'RENDAH'),
(227, 'L', 'DEWASA', 'RENDAH', 'NORMAL', 'TIDAK', 'YA', 'YA', 'RENDAH'),
(228, 'L', 'DEWASA', 'RENDAH', 'OBESITAS', 'TIDAK', 'YA', 'YA', 'RENDAH'),
(229, 'L', 'DEWASA', 'RENDAH', 'KURUS', 'YA', 'TIDAK', 'TIDAK', 'RENDAH'),
(230, 'L', 'DEWASA', 'RENDAH', 'NORMAL', 'YA', 'TIDAK', 'TIDAK', 'RENDAH'),
(231, 'L', 'DEWASA', 'RENDAH', 'OBESITAS', 'YA', 'TIDAK', 'TIDAK', 'RENDAH'),
(232, 'L', 'DEWASA', 'RENDAH', 'KURUS', 'YA', 'TIDAK', 'YA', 'RENDAH'),
(233, 'L', 'DEWASA', 'RENDAH', 'NORMAL', 'YA', 'TIDAK', 'YA', 'RENDAH'),
(234, 'L', 'DEWASA', 'RENDAH', 'OBESITAS', 'YA', 'TIDAK', 'YA', 'RENDAH'),
(235, 'L', 'DEWASA', 'RENDAH', 'KURUS', 'YA', 'YA', 'TIDAK', 'RENDAH'),
(236, 'L', 'DEWASA', 'RENDAH', 'NORMAL', 'YA', 'YA', 'TIDAK', 'RENDAH'),
(237, 'L', 'DEWASA', 'RENDAH', 'OBESITAS', 'YA', 'YA', 'TIDAK', 'RENDAH'),
(238, 'L', 'DEWASA', 'RENDAH', 'KURUS', 'YA', 'YA', 'YA', 'RENDAH'),
(239, 'L', 'DEWASA', 'RENDAH', 'NORMAL', 'YA', 'YA', 'YA', 'SEDANG'),
(240, 'L', 'DEWASA', 'RENDAH', 'OBESITAS', 'YA', 'YA', 'YA', 'SEDANG'),
(241, 'L', 'DEWASA', 'NORMAL', 'KURUS', 'TIDAK', 'TIDAK', 'TIDAK', 'SEDANG'),
(242, 'L', 'DEWASA', 'NORMAL', 'NORMAL', 'TIDAK', 'TIDAK', 'TIDAK', 'SEDANG'),
(243, 'L', 'DEWASA', 'NORMAL', 'OBESITAS', 'TIDAK', 'TIDAK', 'TIDAK', 'SEDANG'),
(244, 'L', 'DEWASA', 'NORMAL', 'KURUS', 'TIDAK', 'TIDAK', 'YA', 'SEDANG'),
(245, 'L', 'DEWASA', 'NORMAL', 'NORMAL', 'TIDAK', 'TIDAK', 'YA', 'SEDANG'),
(246, 'L', 'DEWASA', 'NORMAL', 'OBESITAS', 'TIDAK', 'TIDAK', 'YA', 'SEDANG'),
(247, 'L', 'DEWASA', 'NORMAL', 'KURUS', 'TIDAK', 'YA', 'TIDAK', 'SEDANG'),
(248, 'L', 'DEWASA', 'NORMAL', 'NORMAL', 'TIDAK', 'YA', 'TIDAK', 'RENDAH'),
(249, 'L', 'DEWASA', 'NORMAL', 'OBESITAS', 'TIDAK', 'YA', 'TIDAK', 'RENDAH'),
(250, 'L', 'DEWASA', 'NORMAL', 'KURUS', 'TIDAK', 'YA', 'YA', 'SEDANG'),
(251, 'L', 'DEWASA', 'NORMAL', 'NORMAL', 'TIDAK', 'YA', 'YA', 'SEDANG'),
(252, 'L', 'DEWASA', 'NORMAL', 'OBESITAS', 'TIDAK', 'YA', 'YA', 'SEDANG'),
(253, 'L', 'DEWASA', 'NORMAL', 'KURUS', 'YA', 'TIDAK', 'TIDAK', 'RENDAH'),
(254, 'L', 'DEWASA', 'NORMAL', 'NORMAL', 'YA', 'TIDAK', 'TIDAK', 'RENDAH'),
(255, 'L', 'DEWASA', 'NORMAL', 'OBESITAS', 'YA', 'TIDAK', 'TIDAK', 'SEDANG'),
(256, 'L', 'DEWASA', 'NORMAL', 'KURUS', 'YA', 'TIDAK', 'YA', 'SEDANG'),
(257, 'L', 'DEWASA', 'NORMAL', 'NORMAL', 'YA', 'TIDAK', 'YA', 'SEDANG'),
(258, 'L', 'DEWASA', 'NORMAL', 'OBESITAS', 'YA', 'TIDAK', 'YA', 'SEDANG'),
(259, 'L', 'DEWASA', 'NORMAL', 'KURUS', 'YA', 'YA', 'TIDAK', 'SEDANG'),
(260, 'L', 'DEWASA', 'NORMAL', 'NORMAL', 'YA', 'YA', 'TIDAK', 'RENDAH'),
(261, 'L', 'DEWASA', 'NORMAL', 'OBESITAS', 'YA', 'YA', 'TIDAK', 'RENDAH'),
(262, 'L', 'DEWASA', 'NORMAL', 'KURUS', 'YA', 'YA', 'YA', 'SEDANG'),
(263, 'L', 'DEWASA', 'NORMAL', 'NORMAL', 'YA', 'YA', 'YA', 'SEDANG'),
(264, 'L', 'DEWASA', 'NORMAL', 'OBESITAS', 'YA', 'YA', 'YA', 'SEDANG'),
(265, 'L', 'DEWASA', 'TINGGI', 'KURUS', 'TIDAK', 'TIDAK', 'TIDAK', 'SEDANG'),
(266, 'L', 'DEWASA', 'TINGGI', 'NORMAL', 'TIDAK', 'TIDAK', 'TIDAK', 'SEDANG'),
(267, 'L', 'DEWASA', 'TINGGI', 'OBESITAS', 'TIDAK', 'TIDAK', 'TIDAK', 'SEDANG'),
(268, 'L', 'DEWASA', 'TINGGI', 'KURUS', 'TIDAK', 'TIDAK', 'YA', 'SEDANG'),
(269, 'L', 'DEWASA', 'TINGGI', 'NORMAL', 'TIDAK', 'TIDAK', 'YA', 'SEDANG'),
(270, 'L', 'DEWASA', 'TINGGI', 'OBESITAS', 'TIDAK', 'TIDAK', 'YA', 'SEDANG'),
(271, 'L', 'DEWASA', 'TINGGI', 'KURUS', 'TIDAK', 'YA', 'TIDAK', 'SEDANG'),
(272, 'L', 'DEWASA', 'TINGGI', 'NORMAL', 'TIDAK', 'YA', 'TIDAK', 'RENDAH'),
(273, 'L', 'DEWASA', 'TINGGI', 'OBESITAS', 'TIDAK', 'YA', 'TIDAK', 'RENDAH'),
(274, 'L', 'DEWASA', 'TINGGI', 'KURUS', 'TIDAK', 'YA', 'YA', 'SEDANG'),
(275, 'L', 'DEWASA', 'TINGGI', 'NORMAL', 'TIDAK', 'YA', 'YA', 'SEDANG'),
(276, 'L', 'DEWASA', 'TINGGI', 'OBESITAS', 'TIDAK', 'YA', 'YA', 'SEDANG'),
(277, 'L', 'DEWASA', 'TINGGI', 'KURUS', 'YA', 'TIDAK', 'TIDAK', 'SEDANG'),
(278, 'L', 'DEWASA', 'TINGGI', 'NORMAL', 'YA', 'TIDAK', 'TIDAK', 'SEDANG'),
(279, 'L', 'DEWASA', 'TINGGI', 'OBESITAS', 'YA', 'TIDAK', 'TIDAK', 'SEDANG'),
(280, 'L', 'DEWASA', 'TINGGI', 'KURUS', 'YA', 'TIDAK', 'YA', 'SEDANG'),
(281, 'L', 'DEWASA', 'TINGGI', 'NORMAL', 'YA', 'TIDAK', 'YA', 'SEDANG'),
(282, 'L', 'DEWASA', 'TINGGI', 'OBESITAS', 'YA', 'TIDAK', 'YA', 'SEDANG'),
(283, 'L', 'DEWASA', 'TINGGI', 'KURUS', 'YA', 'YA', 'TIDAK', 'SEDANG'),
(284, 'L', 'DEWASA', 'TINGGI', 'NORMAL', 'YA', 'YA', 'TIDAK', 'RENDAH'),
(285, 'L', 'DEWASA', 'TINGGI', 'OBESITAS', 'YA', 'YA', 'TIDAK', 'RENDAH'),
(286, 'L', 'DEWASA', 'TINGGI', 'KURUS', 'YA', 'YA', 'YA', 'SEDANG'),
(287, 'L', 'DEWASA', 'TINGGI', 'NORMAL', 'YA', 'YA', 'YA', 'SEDANG'),
(288, 'L', 'DEWASA', 'TINGGI', 'OBESITAS', 'YA', 'YA', 'YA', 'SEDANG'),
(289, 'L', 'LANSIA', 'RENDAH', 'KURUS', 'TIDAK', 'TIDAK', 'TIDAK', 'SEDANG'),
(290, 'L', 'LANSIA', 'RENDAH', 'NORMAL', 'TIDAK', 'TIDAK', 'TIDAK', 'SEDANG'),
(291, 'L', 'LANSIA', 'RENDAH', 'OBESITAS', 'TIDAK', 'TIDAK', 'TIDAK', 'SEDANG'),
(292, 'L', 'LANSIA', 'RENDAH', 'KURUS', 'TIDAK', 'TIDAK', 'YA', 'SEDANG'),
(293, 'L', 'LANSIA', 'RENDAH', 'NORMAL', 'TIDAK', 'TIDAK', 'YA', 'SEDANG'),
(294, 'L', 'LANSIA', 'RENDAH', 'OBESITAS', 'TIDAK', 'TIDAK', 'YA', 'SEDANG'),
(295, 'L', 'LANSIA', 'RENDAH', 'KURUS', 'TIDAK', 'YA', 'TIDAK', 'SEDANG'),
(296, 'L', 'LANSIA', 'RENDAH', 'NORMAL', 'TIDAK', 'YA', 'TIDAK', 'SEDANG'),
(297, 'L', 'LANSIA', 'RENDAH', 'OBESITAS', 'TIDAK', 'YA', 'TIDAK', 'SEDANG'),
(298, 'L', 'LANSIA', 'RENDAH', 'KURUS', 'TIDAK', 'YA', 'YA', 'SEDANG'),
(299, 'L', 'LANSIA', 'RENDAH', 'NORMAL', 'TIDAK', 'YA', 'YA', 'SEDANG'),
(300, 'L', 'LANSIA', 'RENDAH', 'OBESITAS', 'TIDAK', 'YA', 'YA', 'SEDANG'),
(301, 'L', 'LANSIA', 'RENDAH', 'KURUS', 'YA', 'TIDAK', 'TIDAK', 'RENDAH'),
(302, 'L', 'LANSIA', 'RENDAH', 'NORMAL', 'YA', 'TIDAK', 'TIDAK', 'RENDAH'),
(303, 'L', 'LANSIA', 'RENDAH', 'OBESITAS', 'YA', 'TIDAK', 'TIDAK', 'SEDANG'),
(304, 'L', 'LANSIA', 'RENDAH', 'KURUS', 'YA', 'TIDAK', 'YA', 'SEDANG'),
(305, 'L', 'LANSIA', 'RENDAH', 'NORMAL', 'YA', 'TIDAK', 'YA', 'SEDANG'),
(306, 'L', 'LANSIA', 'RENDAH', 'OBESITAS', 'YA', 'TIDAK', 'YA', 'SEDANG'),
(307, 'L', 'LANSIA', 'RENDAH', 'KURUS', 'YA', 'YA', 'TIDAK', 'SEDANG'),
(308, 'L', 'LANSIA', 'RENDAH', 'NORMAL', 'YA', 'YA', 'TIDAK', 'SEDANG'),
(309, 'L', 'LANSIA', 'RENDAH', 'OBESITAS', 'YA', 'YA', 'TIDAK', 'SEDANG'),
(310, 'L', 'LANSIA', 'RENDAH', 'KURUS', 'YA', 'YA', 'YA', 'SEDANG'),
(311, 'L', 'LANSIA', 'RENDAH', 'NORMAL', 'YA', 'YA', 'YA', 'SEDANG'),
(312, 'L', 'LANSIA', 'RENDAH', 'OBESITAS', 'YA', 'YA', 'YA', 'SEDANG'),
(313, 'L', 'LANSIA', 'NORMAL', 'KURUS', 'TIDAK', 'TIDAK', 'TIDAK', 'SEDANG'),
(314, 'L', 'LANSIA', 'NORMAL', 'NORMAL', 'TIDAK', 'TIDAK', 'TIDAK', 'SEDANG'),
(315, 'L', 'LANSIA', 'NORMAL', 'OBESITAS', 'TIDAK', 'TIDAK', 'TIDAK', 'SEDANG'),
(316, 'L', 'LANSIA', 'NORMAL', 'KURUS', 'TIDAK', 'TIDAK', 'YA', 'SEDANG'),
(317, 'L', 'LANSIA', 'NORMAL', 'NORMAL', 'TIDAK', 'TIDAK', 'YA', 'SEDANG'),
(318, 'L', 'LANSIA', 'NORMAL', 'OBESITAS', 'TIDAK', 'TIDAK', 'YA', 'SEDANG'),
(319, 'L', 'LANSIA', 'NORMAL', 'KURUS', 'TIDAK', 'YA', 'TIDAK', 'SEDANG'),
(320, 'L', 'LANSIA', 'NORMAL', 'NORMAL', 'TIDAK', 'YA', 'TIDAK', 'SEDANG'),
(321, 'L', 'LANSIA', 'NORMAL', 'OBESITAS', 'TIDAK', 'YA', 'TIDAK', 'SEDANG'),
(322, 'L', 'LANSIA', 'NORMAL', 'KURUS', 'TIDAK', 'YA', 'YA', 'SEDANG'),
(323, 'L', 'LANSIA', 'NORMAL', 'NORMAL', 'TIDAK', 'YA', 'YA', 'SEDANG'),
(324, 'L', 'LANSIA', 'NORMAL', 'OBESITAS', 'TIDAK', 'YA', 'YA', 'SEDANG'),
(325, 'L', 'LANSIA', 'NORMAL', 'KURUS', 'YA', 'TIDAK', 'TIDAK', 'RENDAH'),
(326, 'L', 'LANSIA', 'NORMAL', 'NORMAL', 'YA', 'TIDAK', 'TIDAK', 'RENDAH'),
(327, 'L', 'LANSIA', 'NORMAL', 'OBESITAS', 'YA', 'TIDAK', 'TIDAK', 'SEDANG'),
(328, 'L', 'LANSIA', 'NORMAL', 'KURUS', 'YA', 'TIDAK', 'YA', 'SEDANG'),
(329, 'L', 'LANSIA', 'NORMAL', 'NORMAL', 'YA', 'TIDAK', 'YA', 'SEDANG'),
(330, 'L', 'LANSIA', 'NORMAL', 'OBESITAS', 'YA', 'TIDAK', 'YA', 'SEDANG'),
(331, 'L', 'LANSIA', 'NORMAL', 'KURUS', 'YA', 'YA', 'TIDAK', 'SEDANG'),
(332, 'L', 'LANSIA', 'NORMAL', 'NORMAL', 'YA', 'YA', 'TIDAK', 'SEDANG'),
(333, 'L', 'LANSIA', 'NORMAL', 'OBESITAS', 'YA', 'YA', 'TIDAK', 'SEDANG'),
(334, 'L', 'LANSIA', 'NORMAL', 'KURUS', 'YA', 'YA', 'YA', 'TINGGI'),
(335, 'L', 'LANSIA', 'NORMAL', 'NORMAL', 'YA', 'YA', 'YA', 'TINGGI'),
(336, 'L', 'LANSIA', 'NORMAL', 'OBESITAS', 'YA', 'YA', 'YA', 'TINGGI'),
(337, 'L', 'LANSIA', 'TINGGI', 'KURUS', 'TIDAK', 'TIDAK', 'TIDAK', 'TINGGI'),
(338, 'L', 'LANSIA', 'TINGGI', 'NORMAL', 'TIDAK', 'TIDAK', 'TIDAK', 'TINGGI'),
(339, 'L', 'LANSIA', 'TINGGI', 'OBESITAS', 'TIDAK', 'TIDAK', 'TIDAK', 'TINGGI'),
(340, 'L', 'LANSIA', 'TINGGI', 'KURUS', 'TIDAK', 'TIDAK', 'YA', 'TINGGI'),
(341, 'L', 'LANSIA', 'TINGGI', 'NORMAL', 'TIDAK', 'TIDAK', 'YA', 'TINGGI'),
(342, 'L', 'LANSIA', 'TINGGI', 'OBESITAS', 'TIDAK', 'TIDAK', 'YA', 'TINGGI'),
(343, 'L', 'LANSIA', 'TINGGI', 'KURUS', 'TIDAK', 'YA', 'TIDAK', 'TINGGI'),
(344, 'L', 'LANSIA', 'TINGGI', 'NORMAL', 'TIDAK', 'YA', 'TIDAK', 'TINGGI'),
(345, 'L', 'LANSIA', 'TINGGI', 'OBESITAS', 'TIDAK', 'YA', 'TIDAK', 'TINGGI'),
(346, 'L', 'LANSIA', 'TINGGI', 'KURUS', 'TIDAK', 'YA', 'YA', 'TINGGI'),
(347, 'L', 'LANSIA', 'TINGGI', 'NORMAL', 'TIDAK', 'YA', 'YA', 'TINGGI'),
(348, 'L', 'LANSIA', 'TINGGI', 'OBESITAS', 'TIDAK', 'YA', 'YA', 'TINGGI'),
(349, 'L', 'LANSIA', 'TINGGI', 'KURUS', 'YA', 'TIDAK', 'TIDAK', 'TINGGI'),
(350, 'L', 'LANSIA', 'TINGGI', 'NORMAL', 'YA', 'TIDAK', 'TIDAK', 'TINGGI'),
(351, 'L', 'LANSIA', 'TINGGI', 'OBESITAS', 'YA', 'TIDAK', 'TIDAK', 'TINGGI'),
(352, 'L', 'LANSIA', 'TINGGI', 'KURUS', 'YA', 'TIDAK', 'YA', 'TINGGI'),
(353, 'L', 'LANSIA', 'TINGGI', 'NORMAL', 'YA', 'TIDAK', 'YA', 'TINGGI'),
(354, 'L', 'LANSIA', 'TINGGI', 'OBESITAS', 'YA', 'TIDAK', 'YA', 'TINGGI'),
(355, 'L', 'LANSIA', 'TINGGI', 'KURUS', 'YA', 'YA', 'TIDAK', 'TINGGI'),
(356, 'L', 'LANSIA', 'TINGGI', 'NORMAL', 'YA', 'YA', 'TIDAK', 'TINGGI'),
(357, 'L', 'LANSIA', 'TINGGI', 'OBESITAS', 'YA', 'YA', 'TIDAK', 'TINGGI'),
(358, 'L', 'LANSIA', 'TINGGI', 'KURUS', 'YA', 'YA', 'YA', 'TINGGI'),
(359, 'L', 'LANSIA', 'TINGGI', 'NORMAL', 'YA', 'YA', 'YA', 'TINGGI'),
(360, 'L', 'LANSIA', 'TINGGI', 'OBESITAS', 'YA', 'YA', 'YA', 'TINGGI'),
(361, 'L', 'MANULA', 'RENDAH', 'KURUS', 'TIDAK', 'TIDAK', 'TIDAK', 'TINGGI'),
(362, 'L', 'MANULA', 'RENDAH', 'NORMAL', 'TIDAK', 'TIDAK', 'TIDAK', 'TINGGI'),
(363, 'L', 'MANULA', 'RENDAH', 'OBESITAS', 'TIDAK', 'TIDAK', 'TIDAK', 'TINGGI'),
(364, 'L', 'MANULA', 'RENDAH', 'KURUS', 'TIDAK', 'TIDAK', 'YA', 'TINGGI'),
(365, 'L', 'MANULA', 'RENDAH', 'NORMAL', 'TIDAK', 'TIDAK', 'YA', 'TINGGI'),
(366, 'L', 'MANULA', 'RENDAH', 'OBESITAS', 'TIDAK', 'TIDAK', 'YA', 'TINGGI'),
(367, 'L', 'MANULA', 'RENDAH', 'KURUS', 'TIDAK', 'YA', 'TIDAK', 'TINGGI'),
(368, 'L', 'MANULA', 'RENDAH', 'NORMAL', 'TIDAK', 'YA', 'TIDAK', 'TINGGI'),
(369, 'L', 'MANULA', 'RENDAH', 'OBESITAS', 'TIDAK', 'YA', 'TIDAK', 'TINGGI'),
(370, 'L', 'MANULA', 'RENDAH', 'KURUS', 'TIDAK', 'YA', 'YA', 'TINGGI'),
(371, 'L', 'MANULA', 'RENDAH', 'NORMAL', 'TIDAK', 'YA', 'YA', 'TINGGI'),
(372, 'L', 'MANULA', 'RENDAH', 'OBESITAS', 'TIDAK', 'YA', 'YA', 'TINGGI'),
(373, 'L', 'MANULA', 'RENDAH', 'KURUS', 'YA', 'TIDAK', 'TIDAK', 'TINGGI'),
(374, 'L', 'MANULA', 'RENDAH', 'NORMAL', 'YA', 'TIDAK', 'TIDAK', 'TINGGI'),
(375, 'L', 'MANULA', 'RENDAH', 'OBESITAS', 'YA', 'TIDAK', 'TIDAK', 'TINGGI'),
(376, 'L', 'MANULA', 'RENDAH', 'KURUS', 'YA', 'TIDAK', 'YA', 'TINGGI'),
(377, 'L', 'MANULA', 'RENDAH', 'NORMAL', 'YA', 'TIDAK', 'YA', 'TINGGI'),
(378, 'L', 'MANULA', 'RENDAH', 'OBESITAS', 'YA', 'TIDAK', 'YA', 'TINGGI'),
(379, 'L', 'MANULA', 'RENDAH', 'KURUS', 'YA', 'YA', 'TIDAK', 'TINGGI'),
(380, 'L', 'MANULA', 'RENDAH', 'NORMAL', 'YA', 'YA', 'TIDAK', 'TINGGI'),
(381, 'L', 'MANULA', 'RENDAH', 'OBESITAS', 'YA', 'YA', 'TIDAK', 'TINGGI'),
(382, 'L', 'MANULA', 'RENDAH', 'KURUS', 'YA', 'YA', 'YA', 'TINGGI'),
(383, 'L', 'MANULA', 'RENDAH', 'NORMAL', 'YA', 'YA', 'YA', 'TINGGI'),
(384, 'L', 'MANULA', 'RENDAH', 'OBESITAS', 'YA', 'YA', 'YA', 'TINGGI'),
(385, 'L', 'MANULA', 'NORMAL', 'KURUS', 'TIDAK', 'TIDAK', 'TIDAK', 'TINGGI'),
(386, 'L', 'MANULA', 'NORMAL', 'NORMAL', 'TIDAK', 'TIDAK', 'TIDAK', 'TINGGI'),
(387, 'L', 'MANULA', 'NORMAL', 'OBESITAS', 'TIDAK', 'TIDAK', 'TIDAK', 'TINGGI'),
(388, 'L', 'MANULA', 'NORMAL', 'KURUS', 'TIDAK', 'TIDAK', 'YA', 'TINGGI'),
(389, 'L', 'MANULA', 'NORMAL', 'NORMAL', 'TIDAK', 'TIDAK', 'YA', 'TINGGI'),
(390, 'L', 'MANULA', 'NORMAL', 'OBESITAS', 'TIDAK', 'TIDAK', 'YA', 'TINGGI'),
(391, 'L', 'MANULA', 'NORMAL', 'KURUS', 'TIDAK', 'YA', 'TIDAK', 'TINGGI'),
(392, 'L', 'MANULA', 'NORMAL', 'NORMAL', 'TIDAK', 'YA', 'TIDAK', 'TINGGI'),
(393, 'L', 'MANULA', 'NORMAL', 'OBESITAS', 'TIDAK', 'YA', 'TIDAK', 'TINGGI'),
(394, 'L', 'MANULA', 'NORMAL', 'KURUS', 'TIDAK', 'YA', 'YA', 'TINGGI'),
(395, 'L', 'MANULA', 'NORMAL', 'NORMAL', 'TIDAK', 'YA', 'YA', 'TINGGI'),
(396, 'L', 'MANULA', 'NORMAL', 'OBESITAS', 'TIDAK', 'YA', 'YA', 'TINGGI'),
(397, 'L', 'MANULA', 'NORMAL', 'KURUS', 'YA', 'TIDAK', 'TIDAK', 'TINGGI'),
(398, 'L', 'MANULA', 'NORMAL', 'NORMAL', 'YA', 'TIDAK', 'TIDAK', 'TINGGI'),
(399, 'L', 'MANULA', 'NORMAL', 'OBESITAS', 'YA', 'TIDAK', 'TIDAK', 'TINGGI'),
(400, 'L', 'MANULA', 'NORMAL', 'KURUS', 'YA', 'TIDAK', 'YA', 'TINGGI'),
(401, 'L', 'MANULA', 'NORMAL', 'NORMAL', 'YA', 'TIDAK', 'YA', 'TINGGI'),
(402, 'L', 'MANULA', 'NORMAL', 'OBESITAS', 'YA', 'TIDAK', 'YA', 'TINGGI'),
(403, 'L', 'MANULA', 'NORMAL', 'KURUS', 'YA', 'YA', 'TIDAK', 'TINGGI'),
(404, 'L', 'MANULA', 'NORMAL', 'NORMAL', 'YA', 'YA', 'TIDAK', 'TINGGI'),
(405, 'L', 'MANULA', 'NORMAL', 'OBESITAS', 'YA', 'YA', 'TIDAK', 'TINGGI'),
(406, 'L', 'MANULA', 'NORMAL', 'KURUS', 'YA', 'YA', 'YA', 'TINGGI'),
(407, 'L', 'MANULA', 'NORMAL', 'NORMAL', 'YA', 'YA', 'YA', 'TINGGI'),
(408, 'L', 'MANULA', 'NORMAL', 'OBESITAS', 'YA', 'YA', 'YA', 'TINGGI'),
(409, 'L', 'MANULA', 'TINGGI', 'KURUS', 'TIDAK', 'TIDAK', 'TIDAK', 'TINGGI'),
(410, 'L', 'MANULA', 'TINGGI', 'NORMAL', 'TIDAK', 'TIDAK', 'TIDAK', 'TINGGI'),
(411, 'L', 'MANULA', 'TINGGI', 'OBESITAS', 'TIDAK', 'TIDAK', 'TIDAK', 'TINGGI'),
(412, 'L', 'MANULA', 'TINGGI', 'KURUS', 'TIDAK', 'TIDAK', 'YA', 'TINGGI'),
(413, 'L', 'MANULA', 'TINGGI', 'NORMAL', 'TIDAK', 'TIDAK', 'YA', 'TINGGI'),
(414, 'L', 'MANULA', 'TINGGI', 'OBESITAS', 'TIDAK', 'TIDAK', 'YA', 'TINGGI'),
(415, 'L', 'MANULA', 'TINGGI', 'KURUS', 'TIDAK', 'YA', 'TIDAK', 'TINGGI'),
(416, 'L', 'MANULA', 'TINGGI', 'NORMAL', 'TIDAK', 'YA', 'TIDAK', 'TINGGI'),
(417, 'L', 'MANULA', 'TINGGI', 'OBESITAS', 'TIDAK', 'YA', 'TIDAK', 'TINGGI'),
(418, 'L', 'MANULA', 'TINGGI', 'KURUS', 'TIDAK', 'YA', 'YA', 'TINGGI'),
(419, 'L', 'MANULA', 'TINGGI', 'NORMAL', 'TIDAK', 'YA', 'YA', 'TINGGI'),
(420, 'L', 'MANULA', 'TINGGI', 'OBESITAS', 'TIDAK', 'YA', 'YA', 'TINGGI'),
(421, 'L', 'MANULA', 'TINGGI', 'KURUS', 'YA', 'TIDAK', 'TIDAK', 'TINGGI'),
(422, 'L', 'MANULA', 'TINGGI', 'NORMAL', 'YA', 'TIDAK', 'TIDAK', 'TINGGI'),
(423, 'L', 'MANULA', 'TINGGI', 'OBESITAS', 'YA', 'TIDAK', 'TIDAK', 'TINGGI'),
(424, 'L', 'MANULA', 'TINGGI', 'KURUS', 'YA', 'TIDAK', 'YA', 'TINGGI'),
(425, 'L', 'MANULA', 'TINGGI', 'NORMAL', 'YA', 'TIDAK', 'YA', 'TINGGI'),
(426, 'L', 'MANULA', 'TINGGI', 'OBESITAS', 'YA', 'TIDAK', 'YA', 'TINGGI'),
(427, 'L', 'MANULA', 'TINGGI', 'KURUS', 'YA', 'YA', 'TIDAK', 'TINGGI'),
(428, 'L', 'MANULA', 'TINGGI', 'NORMAL', 'YA', 'YA', 'TIDAK', 'TINGGI'),
(429, 'L', 'MANULA', 'TINGGI', 'OBESITAS', 'YA', 'YA', 'TIDAK', 'TINGGI'),
(430, 'L', 'MANULA', 'TINGGI', 'KURUS', 'YA', 'YA', 'YA', 'TINGGI'),
(431, 'L', 'MANULA', 'TINGGI', 'NORMAL', 'YA', 'YA', 'YA', 'TINGGI'),
(432, 'L', 'MANULA', 'TINGGI', 'OBESITAS', 'YA', 'YA', 'YA', 'TINGGI');

-- --------------------------------------------------------

--
-- Struktur dari tabel `tb_user`
--

CREATE TABLE `tb_user` (
  `id_user` int(11) NOT NULL,
  `username` varchar(15) NOT NULL,
  `nama_lengkap` varchar(50) NOT NULL,
  `alamat_lengkap` varchar(100) NOT NULL,
  `gender` enum('L','P') NOT NULL,
  `tempat` varchar(50) NOT NULL,
  `tgl_lahir` date NOT NULL,
  `img` varchar(50) NOT NULL,
  `no_hp` varchar(15) NOT NULL,
  `email` varchar(50) NOT NULL,
  `active` int(1) NOT NULL DEFAULT '0'
) ENGINE=InnoDB DEFAULT CHARSET=latin1;

--
-- Dumping data untuk tabel `tb_user`
--

INSERT INTO `tb_user` (`id_user`, `username`, `nama_lengkap`, `alamat_lengkap`, `gender`, `tempat`, `tgl_lahir`, `img`, `no_hp`, `email`, `active`) VALUES
(3, '01811461', 'Erwin Sutedjo', 'Yogyakarta', 'L', 'Yogyakarta', '1955-04-13', '', '0', 'xx@xx.com', 1),
(4, '00357540', 'Sogiyem', 'Yogyakarta', 'L', 'Yogyakarta', '1930-08-22', '', '0', 'xx@xx.com', 1),
(5, '01756066', 'Tugimin', 'Yogyakarta', 'P', 'Yogyakarta', '1950-05-09', '', '0', 'xx@xx.com', 1),
(6, '01836808', 'Suryaningsih', 'Yogyakarta', 'L', 'Yogyakarta', '1962-03-07', '', '0', 'xx@xx.com', 1),
(7, '01779102', 'Isdaryanto', 'Yogyakarta', 'P', 'Yogyakarta', '1981-11-22', '', '0', 'xx@xx.com', 1),
(8, '01834532', 'Widi Setyaningrum', 'Yogyakarta', 'L', 'Yogyakarta', '1960-03-17', '', '0', 'xx@xx.com', 1),
(9, '01671868', 'Sri Rumini', 'Yogyakarta', 'L', 'Yogyakarta', '1959-03-23', '', '0', 'xx@xx.com', 1),
(10, '00160686', 'Poniyem ', 'Yogyakarta', 'L', 'Yogyakarta', '1951-05-04', '', '0', 'xx@xx.com', 1),
(11, '01342671', 'Slamet Noto Sudarmo', 'Yogyakarta', 'P', 'Yogyakarta', '1945-06-04', '', '0', 'xx@xx.com', 1),
(12, '01783167', 'Hj. Kartini', 'Yogyakarta', 'P', 'Yogyakarta', '1957-04-02', '', '0', 'xx@xx.com', 1),
(13, '00883358', 'Suharmiyah', 'Yogyakarta', 'P', 'Yogyakarta', '1944-06-09', '', '0', 'xx@xx.com', 1),
(14, '01791470', 'Sunaryo', 'Yogyakarta', 'L', 'Yogyakarta', '1958-03-28', '', '0', 'xx@xx.com', 1),
(15, '01547979', 'Sugiyatno', 'Yogyakarta', 'L', 'Yogyakarta', '1965-02-19', '', '0', 'xx@xx.com', 1),
(16, '01433593', 'Prana Prawidya', 'Yogyakarta', 'L', 'Yogyakarta', '1982-11-17', '', '0', 'xx@xx.com', 1),
(17, '01717193', 'SSS. Budha Parin', 'Yogyakarta', 'P', 'Yogyakarta', '1958-03-28', '', '0', 'xx@xx.com', 1),
(18, '01448149', 'Abdul Ghofur', 'Yogyakarta', 'L', 'Yogyakarta', '1966-02-14', '', '0', 'xx@xx.com', 1),
(19, '01832949', 'Herry Soeratho', 'Yogyakarta', 'L', 'Yogyakarta', '1946-05-30', '', '0', 'xx@xx.com', 1),
(20, '01672445', 'Radjiyono', 'Yogyakarta', 'L', 'Yogyakarta', '1956-04-07', '', '0', 'xx@xx.com', 1),
(21, '01143239', 'Achmad Yani', 'Yogyakarta', 'L', 'Yogyakarta', '1945-06-04', '', '0', 'xx@xx.com', 1),
(22, '01763019', 'Hari Danang Riya', 'Yogyakarta', 'L', 'Yogyakarta', '1965-02-19', '', '0', 'xx@xx.com', 1),
(23, '01592116', 'Suparno FX', 'Yogyakarta', 'L', 'Yogyakarta', '1949-05-14', '', '0', 'xx@xx.com', 1),
(24, '01520734', 'Slamet Riyadi BP', 'Yogyakarta', 'L', 'Yogyakarta', '1953-04-23', '', '0', 'xx@xx.com', 1),
(25, '01701633', 'Komari ', 'Yogyakarta', 'L', 'Yogyakarta', '1960-03-17', '', '0', 'xx@xx.com', 1),
(26, '01619725', 'Iwan Wardoyo', 'Yogyakarta', 'L', 'Yogyakarta', '1955-04-13', '', '0', 'xx@xx.com', 1),
(27, '01681350', 'Waljiyono', 'Yogyakarta', 'L', 'Yogyakarta', '1964-02-25', '', '0', 'xx@xx.com', 1),
(28, '00515849', 'Candra Multasih', 'Yogyakarta', 'P', 'Yogyakarta', '1971-01-19', '', '0', 'xx@xx.com', 1),
(29, '01832948', 'Wahono', 'Yogyakarta', 'L', 'Yogyakarta', '1959-03-23', '', '0', 'xx@xx.com', 1),
(30, '01782143', 'Yahya Nasrul Fauzi', 'Yogyakarta', 'L', 'Yogyakarta', '1966-02-14', '', '0', 'xx@xx.com', 1),
(31, '01386341', 'Djasidi', 'Yogyakarta', 'L', 'Yogyakarta', '1955-04-13', '', '0', 'xx@xx.com', 1),
(32, '01820341', 'Slamet Triyono', 'Yogyakarta', 'L', 'Yogyakarta', '1961-03-12', '', '0', 'xx@xx.com', 1),
(33, '01546086', 'Sriyatun Purwanti', 'Yogyakarta', 'P', 'Yogyakarta', '1952-04-28', '', '0', 'xx@xx.com', 1),
(34, '01778435', 'Radiyem / Slamet', 'Yogyakarta', 'P', 'Yogyakarta', '1951-05-04', '', '0', 'xx@xx.com', 1),
(35, '01183934', 'Sarjono', 'Yogyakarta', 'L', 'Yogyakarta', '1961-03-12', '', '0', 'xx@xx.com', 1),
(36, '01825332', 'Hadi Muljo', 'Yogyakarta', 'L', 'Yogyakarta', '1951-05-04', '', '0', 'xx@xx.com', 1),
(37, '01813816', 'Joko Purwanto', 'Yogyakarta', 'L', 'Yogyakarta', '1971-01-19', '', '0', 'xx@xx.com', 1),
(38, '01031691', 'Suwandi, S.Pd', 'Yogyakarta', 'L', 'Yogyakarta', '1959-03-23', '', '0', 'xx@xx.com', 1),
(39, '01783368', 'Ari Bharata', 'Yogyakarta', 'L', 'Yogyakarta', '1962-03-07', '', '0', 'xx@xx.com', 1),
(40, '01760966', 'Elda Susunto', 'Yogyakarta', 'L', 'Yogyakarta', '1970-01-24', '', '0', 'xx@xx.com', 1),
(41, '01767356', 'Bahtiar Hendri', 'Yogyakarta', 'L', 'Yogyakarta', '1973-01-08', '', '0', 'xx@xx.com', 1),
(42, '00346646', 'Budiyono', 'Yogyakarta', 'L', 'Yogyakarta', '1944-06-09', '', '0', 'xx@xx.com', 1),
(43, '01804543', 'Anggono', 'Yogyakarta', 'L', 'Yogyakarta', '1952-04-28', '', '0', 'xx@xx.com', 1),
(44, '01794417', 'Sadiyo', 'Yogyakarta', 'L', 'Yogyakarta', '1958-03-28', '', '0', 'xx@xx.com', 1),
(45, '01783807', 'Mulyadi', 'Yogyakarta', 'P', 'Yogyakarta', '1960-03-17', '', '0', 'xx@xx.com', 1),
(46, '01792411', 'Kuwadi', 'Yogyakarta', 'L', 'Yogyakarta', '1979-12-03', '', '0', 'xx@xx.com', 1),
(47, '01780466', 'Ana Setiawati', 'Yogyakarta', 'P', 'Yogyakarta', '1996-09-04', '', '0', 'xx@xx.com', 1),
(48, '01758753', 'Wiwik Lestari', 'Yogyakarta', 'P', 'Yogyakarta', '1968-02-04', '', '0', 'xx@xx.com', 1),
(49, '01799532', 'Dwi Budiyanti', 'Yogyakarta', 'P', 'Yogyakarta', '1980-11-27', '', '0', 'xx@xx.com', 1),
(50, '01096682', 'Muhammad Romandi', 'Yogyakarta', 'L', 'Yogyakarta', '1941-06-25', '', '0', 'xx@xx.com', 1),
(51, '01138534', 'Syamsuwarno', 'Yogyakarta', 'L', 'Yogyakarta', '1958-03-28', '', '0', 'xx@xx.com', 1),
(52, '01077697', 'Nurhadi', 'Yogyakarta', 'L', 'Yogyakarta', '1954-04-18', '', '0', 'xx@xx.com', 1),
(53, '01840321', 'Suparmin', 'Yogyakarta', 'L', 'Yogyakarta', '1964-02-25', '', '0', 'xx@xx.com', 1),
(54, '00083114', 'Sri Suryanti', 'Yogyakarta', 'P', 'Yogyakarta', '1975-12-24', '', '0', 'xx@xx.com', 1),
(55, '01840346', 'Ayu Rahayu Sulih', 'Yogyakarta', 'P', 'Yogyakarta', '1969-01-29', '', '0', 'xx@xx.com', 1),
(56, '01840344', 'Setya Wiastuti', 'Yogyakarta', 'P', 'Yogyakarta', '1967-02-09', '', '0', 'xx@xx.com', 1),
(57, '01656634', 'Nur Jamangatun', 'Yogyakarta', 'P', 'Yogyakarta', '1984-11-06', '', '0', 'xx@xx.com', 1),
(58, '01837864', 'Parinem', 'Yogyakarta', 'P', 'Yogyakarta', '1951-05-04', '', '0', 'xx@xx.com', 1),
(59, '01436931', 'Niso Setiyanto', 'Yogyakarta', 'L', 'Yogyakarta', '1967-02-09', '', '0', 'xx@xx.com', 1),
(60, '01814814', 'Suharno', 'Yogyakarta', 'L', 'Yogyakarta', '1962-03-07', '', '0', 'xx@xx.com', 1),
(61, '01520038', 'Siti Mutmainah', 'Yogyakarta', 'L', 'Yogyakarta', '1960-03-17', '', '0', 'xx@xx.com', 1),
(62, '00692620', 'Ngadimin', 'Yogyakarta', 'P', 'Yogyakarta', '1936-07-21', '', '0', 'xx@xx.com', 1),
(63, '01737726', 'Warno Suwito', 'Yogyakarta', 'P', 'Yogyakarta', '1941-06-25', '', '0', 'xx@xx.com', 1),
(64, '01830190', 'Slamet Wira Handoko, S.Sc', 'Yogyakarta', 'P', 'Yogyakarta', '1975-12-24', '', '0', 'xx@xx.com', 1),
(65, '01837567', 'Sudarti', 'Yogyakarta', 'P', 'Yogyakarta', '1955-04-13', '', '0', 'xx@xx.com', 1),
(66, '01338980', 'Maria Erlin BSc', 'Yogyakarta', 'P', 'Yogyakarta', '1961-03-12', '', '0', 'xx@xx.com', 1),
(67, '01328980', 'Yulina Siwi', 'Yogyakarta', 'P', 'Yogyakarta', '1965-02-19', '', '0', 'xx@xx.com', 1),
(68, '01815464', 'Slamet Tjolle', 'Yogyakarta', 'L', 'Yogyakarta', '1965-02-19', '', '0', 'xx@xx.com', 1),
(69, '01829446', 'Parjiman', 'Yogyakarta', 'L', 'Yogyakarta', '1961-03-12', '', '0', 'xx@xx.com', 1),
(70, '01701605', 'Suhardani', 'Yogyakarta', 'L', 'Yogyakarta', '1969-01-29', '', '0', 'xx@xx.com', 1),
(71, '00431998', 'Weni Puji', 'Yogyakarta', 'P', 'Yogyakarta', '1970-01-24', '', '0', 'xx@xx.com', 1),
(72, '01595996', 'Mardilah', 'Yogyakarta', 'P', 'Yogyakarta', '1954-04-18', '', '0', 'xx@xx.com', 1),
(73, '01719794', 'Mutmainah', 'Yogyakarta', 'P', 'Yogyakarta', '1955-04-13', '', '0', 'xx@xx.com', 1),
(74, '01823485', 'Joko Hadi Purwanto', 'Yogyakarta', 'L', 'Yogyakarta', '1962-03-07', '', '0', 'xx@xx.com', 1),
(75, '01554274', 'Yahman', 'Yogyakarta', 'L', 'Yogyakarta', '1966-02-14', '', '0', 'xx@xx.com', 1),
(76, '01489832', 'Budi Siswanto', 'Yogyakarta', 'L', 'Yogyakarta', '1945-06-04', '', '0', 'xx@xx.com', 1),
(77, '01777143', 'Hartono Sutjipto', 'Yogyakarta', 'P', 'Yogyakarta', '1926-09-12', '', '0', 'xx@xx.com', 1),
(78, '00487816', 'Tri Joko Hadianto', 'Yogyakarta', 'L', 'Yogyakarta', '1959-03-23', '', '0', 'xx@xx.com', 1),
(79, '00501807', 'Nuryanto', 'Yogyakarta', 'L', 'Yogyakarta', '1966-02-14', '', '0', 'xx@xx.com', 1),
(80, '01830004', 'Syamsul Rizal', 'Yogyakarta', 'L', 'Yogyakarta', '1960-03-17', '', '0', 'xx@xx.com', 1),
(81, '01802149', 'Sri Hatarani', 'Yogyakarta', 'P', 'Yogyakarta', '1944-06-09', '', '0', 'xx@xx.com', 1),
(82, '01832991', 'Warsito', 'Yogyakarta', 'L', 'Yogyakarta', '1955-04-13', '', '0', 'xx@xx.com', 1),
(83, '01839591', 'Joko Sarimulya', 'Yogyakarta', 'L', 'Yogyakarta', '1976-12-18', '', '0', 'xx@xx.com', 1),
(84, '01829215', 'Wagirah', 'Yogyakarta', 'P', 'Yogyakarta', '1948-05-19', '', '0', 'xx@xx.com', 1),
(85, '01841490', 'Pujiono', 'Yogyakarta', 'L', 'Yogyakarta', '1959-03-23', '', '0', 'xx@xx.com', 1),
(86, '01435851', 'Suhartono', 'Yogyakarta', 'L', 'Yogyakarta', '1966-02-14', '', '0', 'xx@xx.com', 1),
(87, '01196122', 'Amalia Ratna', 'Yogyakarta', 'P', 'Yogyakarta', '1986-10-27', '', '0', 'xx@xx.com', 1),
(88, '01695169', 'Sudarman', 'Yogyakarta', 'L', 'Yogyakarta', '1961-03-12', '', '0', 'xx@xx.com', 1),
(89, '01832697', 'Anik Uswatun H', 'Yogyakarta', 'P', 'Yogyakarta', '1986-10-27', '', '0', 'xx@xx.com', 1),
(90, '01831083', 'Rusyani', 'Yogyakarta', 'P', 'Yogyakarta', '1984-11-06', '', '0', 'xx@xx.com', 1),
(91, '01774677', 'Rasiyem', 'Yogyakarta', 'P', 'Yogyakarta', '1949-05-14', '', '0', 'xx@xx.com', 1),
(92, '01837477', 'Masjudi Utomo', 'Yogyakarta', 'L', 'Yogyakarta', '1972-01-14', '', '0', 'xx@xx.com', 1),
(93, '01815274', 'Ramelan', 'Yogyakarta', 'L', 'Yogyakarta', '1966-02-14', '', '0', 'xx@xx.com', 1),
(94, '01828072', 'Arijono', 'Yogyakarta', 'L', 'Yogyakarta', '1962-03-07', '', '0', 'xx@xx.com', 1),
(95, '01775070', 'Purwanto', 'Yogyakarta', 'L', 'Yogyakarta', '1960-03-17', '', '0', 'xx@xx.com', 1),
(96, '01527469', 'ST. Soebijanto', 'Yogyakarta', 'L', 'Yogyakarta', '1948-05-19', '', '0', 'xx@xx.com', 1),
(97, '01828060', 'FX Samiyo', 'Yogyakarta', 'L', 'Yogyakarta', '1963-03-02', '', '0', 'xx@xx.com', 1),
(98, '01800558', 'Sutarmi', 'Yogyakarta', 'P', 'Yogyakarta', '1965-02-19', '', '0', 'xx@xx.com', 1),
(99, '01826257', 'Karsono', 'Yogyakarta', 'L', 'Yogyakarta', '1962-03-07', '', '0', 'xx@xx.com', 1),
(100, '01732543', 'Paingun', 'Yogyakarta', 'L', 'Yogyakarta', '1965-02-19', '', '0', 'xx@xx.com', 1),
(101, '01780241', 'Dwijo Wiyono', 'Yogyakarta', 'P', 'Yogyakarta', '1960-03-17', '', '0', 'xx@xx.com', 1),
(102, '01799729', 'Kasiman', 'Yogyakarta', 'L', 'Yogyakarta', '1972-01-14', '', '0', 'xx@xx.com', 1),
(103, '01114424', 'Tri Astuti', 'Yogyakarta', 'P', 'Yogyakarta', '1985-11-01', '', '0', 'xx@xx.com', 1),
(104, '01764415', 'Waliyem', 'Yogyakarta', 'P', 'Yogyakarta', '1952-04-28', '', '0', 'xx@xx.com', 1),
(105, '01837400', 'Ratna Setianingsih', 'Yogyakarta', 'P', 'Yogyakarta', '1974-01-03', '', '0', 'xx@xx.com', 1),
(106, '01822213', 'Yulius Agus Sutopo', 'Yogyakarta', 'L', 'Yogyakarta', '1969-01-29', '', '0', 'xx@xx.com', 1),
(107, '01788214', 'Nur Rahmatilah', 'Yogyakarta', 'P', 'Yogyakarta', '1993-09-20', '', '0', 'xx@xx.com', 1),
(108, '01829413', 'Siti Rohana', 'Yogyakarta', 'P', 'Yogyakarta', '1998-08-25', '', '0', 'xx@xx.com', 1),
(109, '01777828', 'Retvi Arshanti', 'Yogyakarta', 'P', 'Yogyakarta', '1998-08-25', '', '0', 'xx@xx.com', 1),
(110, '01822145', 'Harun Budi Utomo', 'Yogyakarta', 'L', 'Yogyakarta', '1995-09-10', '', '0', 'xx@xx.com', 1),
(111, '01817346', 'Eko Bagus Prayoga', 'Yogyakarta', 'L', 'Yogyakarta', '1986-10-27', '', '0', 'xx@xx.com', 1),
(112, '01824949', 'Etty Lestari', 'Yogyakarta', 'P', 'Yogyakarta', '1962-03-07', '', '0', 'xx@xx.com', 1),
(113, '01816484', 'Siti Maesaroh', 'Yogyakarta', 'P', 'Yogyakarta', '1990-10-06', '', '0', 'xx@xx.com', 1),
(114, '01823292', 'Intando Reasi Supriyani', 'Yogyakarta', 'P', 'Yogyakarta', '1992-09-25', '', '0', 'xx@xx.com', 1),
(115, '01834284', 'Desi Setiyarini', 'Yogyakarta', 'P', 'Yogyakarta', '1998-08-25', '', '0', 'xx@xx.com', 1),
(116, '00620394', 'Hendri Setiawan', 'Yogyakarta', 'L', 'Yogyakarta', '1972-01-14', '', '0', 'xx@xx.com', 1),
(117, '01840281', 'Sulami', 'Yogyakarta', 'P', 'Yogyakarta', '1957-04-02', '', '0', 'xx@xx.com', 1),
(118, '01833683', 'Siprihatin', 'Yogyakarta', 'L', 'Yogyakarta', '1967-02-09', '', '0', 'xx@xx.com', 1),
(119, '01817382', 'Sugiharto', 'Yogyakarta', 'L', 'Yogyakarta', '1953-04-23', '', '0', 'xx@xx.com', 1),
(120, '01329777', 'Marlina Wulansari', 'Yogyakarta', 'P', 'Yogyakarta', '1985-11-01', '', '0', 'xx@xx.com', 1),
(121, '01509860', 'Suyatno Stephanus', 'Yogyakarta', 'L', 'Yogyakarta', '1944-06-09', '', '0', 'xx@xx.com', 1),
(122, '01774654', 'Galuh Arifin Syad', 'Yogyakarta', 'P', 'Yogyakarta', '1995-09-10', '', '0', 'xx@xx.com', 1),
(123, '01722850', 'Ratna Apriliani', 'Yogyakarta', 'P', 'Yogyakarta', '1996-09-04', '', '0', 'xx@xx.com', 1),
(124, '01817599', 'Rasmin', 'Yogyakarta', 'L', 'Yogyakarta', '1972-01-14', '', '0', 'xx@xx.com', 1),
(125, '01829868', 'Agus Sugiyarno', 'Yogyakarta', 'L', 'Yogyakarta', '1964-02-25', '', '0', 'xx@xx.com', 1),
(126, '01839455', 'Surip', 'Yogyakarta', 'L', 'Yogyakarta', '1959-03-23', '', '0', 'xx@xx.com', 1),
(128, '01840400', 'Ardytiawarman GA', 'Yogyakarta', 'L', 'Yogyakarta', '1986-10-27', '7K0MDT1YW8CBO2546QJULGFSV3NXIRZAH9PE.jpg', '0', 'xxx@xxx.com', 1);

-- --------------------------------------------------------

--
-- Struktur dari tabel `tb_validasi`
--

CREATE TABLE `tb_validasi` (
  `id_validasi` int(11) NOT NULL,
  `id_kesimpulan` int(8) NOT NULL,
  `id_periksa` int(10) NOT NULL,
  `tgl_test` datetime NOT NULL,
  `username` varchar(20) NOT NULL,
  `nama_lengkap` varchar(50) NOT NULL,
  `jenis_kelamin` varchar(1) NOT NULL,
  `usia` int(3) NOT NULL,
  `z_total` float NOT NULL,
  `nama_diagnosa` varchar(20) NOT NULL,
  `validasi_pakar` varchar(20) NOT NULL,
  `keterangan` varchar(20) NOT NULL
) ENGINE=InnoDB DEFAULT CHARSET=latin1;

--
-- Dumping data untuk tabel `tb_validasi`
--

INSERT INTO `tb_validasi` (`id_validasi`, `id_kesimpulan`, `id_periksa`, `tgl_test`, `username`, `nama_lengkap`, `jenis_kelamin`, `usia`, `z_total`, `nama_diagnosa`, `validasi_pakar`, `keterangan`) VALUES
(1, 1, 3, '2018-05-24 10:49:01', '01811461', 'Erwin Sutedjo', 'L', 64, 60, 'TINGGI', 'TINGGI', 'SESUAI'),
(2, 2, 4, '2018-05-24 10:49:02', '00357540', 'Sogiyem', 'L', 89, 60, 'TINGGI', 'TINGGI', 'SESUAI'),
(3, 3, 5, '2018-05-24 10:49:03', '01756066', 'Tugimin', 'P', 69, 15, 'SEDANG', 'SEDANG', 'SESUAI'),
(4, 4, 6, '2018-05-24 10:49:04', '01836808', 'Suryaningsih', 'L', 57, 73.7313, 'TINGGI', 'TINGGI', 'SESUAI'),
(5, 5, 7, '2018-05-24 10:49:05', '01779102', 'Isdaryanto', 'P', 37, 10, 'RENDAH', 'RENDAH', 'SESUAI'),
(6, 6, 8, '2018-05-24 10:49:06', '01834532', 'Widi Setyaningrum', 'L', 59, 100, 'TINGGI', 'TINGGI', 'SESUAI'),
(7, 7, 9, '2018-05-24 10:49:07', '01671868', 'Sri Rumini', 'L', 60, 100, 'TINGGI', 'TINGGI', 'SESUAI'),
(8, 8, 10, '2018-05-24 10:49:08', '00160686', 'Poniyem ', 'L', 68, 100, 'TINGGI', 'TINGGI', 'SESUAI'),
(9, 9, 11, '2018-05-24 10:49:09', '01342671', 'Slamet Noto Sudarmo', 'P', 74, 55, 'TINGGI', 'TINGGI', 'SESUAI'),
(10, 10, 12, '2018-05-24 10:49:10', '01783167', 'Hj. Kartini', 'P', 62, 77.091, 'TINGGI', 'SEDANG', 'TIDAK SESUAI'),
(11, 11, 13, '2018-05-24 10:49:11', '00883358', 'Suharmiyah', 'P', 75, 100, 'TINGGI', 'TINGGI', 'SESUAI'),
(12, 12, 14, '2018-05-24 10:49:12', '01791470', 'Sunaryo', 'L', 61, 60, 'TINGGI', 'TINGGI', 'SESUAI'),
(13, 13, 15, '2018-05-24 10:49:13', '01547979', 'Sugiyatno', 'L', 54, 60, 'TINGGI', 'TINGGI', 'SESUAI'),
(14, 14, 16, '2018-05-24 10:49:14', '01433593', 'Prana Prawidya', 'L', 36, 10, 'RENDAH', 'RENDAH', 'SESUAI'),
(15, 15, 17, '2018-05-24 10:49:15', '01717193', 'SSS. Budha Parin', 'P', 61, 100, 'TINGGI', 'TINGGI', 'SESUAI'),
(16, 16, 18, '2018-05-24 10:49:16', '01448149', 'Abdul Ghofur', 'L', 53, 60, 'TINGGI', 'TINGGI', 'SESUAI'),
(17, 17, 19, '2018-05-24 10:49:17', '01832949', 'Herry Soeratho', 'L', 73, 60, 'TINGGI', 'TINGGI', 'SESUAI'),
(18, 18, 20, '2018-05-24 10:49:18', '01672445', 'Radjiyono', 'L', 63, 60, 'TINGGI', 'TINGGI', 'SESUAI'),
(19, 19, 21, '2018-05-24 10:49:19', '01143239', 'Achmad Yani', 'L', 74, 100, 'TINGGI', 'TINGGI', 'SESUAI'),
(20, 20, 22, '2018-05-24 10:49:20', '01763019', 'Hari Danang Riya', 'L', 54, 52, 'TINGGI', 'SEDANG', 'TIDAK SESUAI'),
(21, 21, 23, '2018-05-24 10:49:21', '01592116', 'Suparno FX', 'L', 70, 43.3333, 'TINGGI', 'TINGGI', 'SESUAI'),
(22, 22, 24, '2018-05-24 10:49:22', '01520734', 'Slamet Riyadi BP', 'L', 66, 60, 'TINGGI', 'TINGGI', 'SESUAI'),
(23, 23, 25, '2018-05-24 10:49:23', '01701633', 'Komari ', 'L', 59, 100, 'TINGGI', 'TINGGI', 'SESUAI'),
(24, 24, 26, '2018-05-24 10:49:24', '01619725', 'Iwan Wardoyo', 'L', 64, 60, 'TINGGI', 'TINGGI', 'SESUAI'),
(25, 25, 27, '2018-05-24 10:49:25', '01681350', 'Waljiyono', 'L', 55, 70, 'TINGGI', 'TINGGI', 'SESUAI'),
(26, 26, 28, '2018-05-24 10:49:26', '00515849', 'Candra Multasih', 'P', 48, 10, 'RENDAH', 'RENDAH', 'SESUAI'),
(27, 27, 29, '2018-05-24 10:49:27', '01832948', 'Wahono', 'L', 60, 100, 'TINGGI', 'TINGGI', 'SESUAI'),
(28, 28, 30, '2018-05-24 10:49:28', '01782143', 'Yahya Nasrul Fauzi', 'L', 53, 60, 'TINGGI', 'TINGGI', 'SESUAI'),
(29, 29, 31, '2018-05-24 10:49:29', '01386341', 'Djasidi', 'L', 64, 60, 'TINGGI', 'TINGGI', 'SESUAI'),
(30, 30, 32, '2018-05-24 10:49:30', '01820341', 'Slamet Triyono', 'L', 58, 84, 'TINGGI', 'TINGGI', 'SESUAI'),
(31, 31, 33, '2018-05-24 10:49:31', '01546086', 'Sriyatun Purwanti', 'P', 67, 60, 'TINGGI', 'TINGGI', 'SESUAI'),
(32, 32, 34, '2018-05-24 10:49:32', '01778435', 'Radiyem / Slamet', 'P', 68, 55, 'TINGGI', 'SEDANG', 'TIDAK SESUAI'),
(33, 33, 35, '2018-05-24 10:49:33', '01183934', 'Sarjono', 'L', 58, 100, 'TINGGI', 'TINGGI', 'SESUAI'),
(34, 34, 36, '2018-05-24 10:49:34', '01825332', 'Hadi Muljo', 'L', 68, 60, 'TINGGI', 'TINGGI', 'SESUAI'),
(35, 35, 37, '2018-05-24 10:49:35', '01813816', 'Joko Purwanto', 'L', 48, 10, 'RENDAH', 'RENDAH', 'SESUAI'),
(36, 36, 38, '2018-05-24 10:49:36', '01031691', 'Suwandi, S.Pd', 'L', 60, 100, 'TINGGI', 'TINGGI', 'SESUAI'),
(37, 37, 39, '2018-05-24 10:49:37', '01783368', 'Ari Bharata', 'L', 57, 100, 'TINGGI', 'TINGGI', 'SESUAI'),
(38, 38, 40, '2018-05-24 10:49:38', '01760966', 'Elda Susunto', 'L', 49, 10, 'RENDAH', 'RENDAH', 'SESUAI'),
(39, 39, 41, '2018-05-24 10:49:39', '01767356', 'Bahtiar Hendri', 'L', 46, 48.7253, 'TINGGI', 'TINGGI', 'SESUAI'),
(40, 40, 42, '2018-05-24 10:49:40', '00346646', 'Budiyono', 'L', 75, 64, 'TINGGI', 'TINGGI', 'SESUAI'),
(41, 41, 43, '2018-05-24 10:49:41', '01804543', 'Anggono', 'L', 67, 60, 'TINGGI', 'TINGGI', 'SESUAI'),
(42, 42, 44, '2018-05-24 10:49:42', '01794417', 'Sadiyo', 'L', 61, 60, 'TINGGI', 'TINGGI', 'SESUAI'),
(43, 43, 45, '2018-05-24 10:49:43', '01783807', 'Mulyadi', 'P', 59, 92, 'TINGGI', 'SEDANG', 'TIDAK SESUAI'),
(44, 44, 46, '2018-05-24 10:49:44', '01792411', 'Kuwadi', 'L', 39, 14, 'SEDANG', 'SEDANG', 'SESUAI'),
(45, 45, 47, '2018-05-24 10:49:45', '01780466', 'Ana Setiawati', 'P', 22, 10, 'RENDAH', 'RENDAH', 'SESUAI'),
(46, 46, 48, '2018-05-24 10:49:46', '01758753', 'Wiwik Lestari', 'P', 51, 10, 'RENDAH', 'RENDAH', 'SESUAI'),
(47, 47, 49, '2018-05-24 10:49:47', '01799532', 'Dwi Budiyanti', 'P', 38, 10, 'RENDAH', 'RENDAH', 'SESUAI'),
(48, 48, 50, '2018-05-24 10:49:48', '01096682', 'Muhammad Romandi', 'L', 78, 100, 'TINGGI', 'TINGGI', 'SESUAI'),
(49, 49, 51, '2018-05-24 10:49:49', '01138534', 'Syamsuwarno', 'L', 61, 60, 'TINGGI', 'TINGGI', 'SESUAI'),
(50, 50, 52, '2018-05-24 10:49:50', '01077697', 'Nurhadi', 'L', 65, 100, 'TINGGI', 'TINGGI', 'SESUAI'),
(51, 51, 60, '2018-05-24 10:49:58', '01814814', 'Suharno', 'L', 57, 100, 'TINGGI', 'TINGGI', 'SESUAI'),
(52, 52, 61, '2018-05-24 10:49:59', '01520038', 'Siti Mutmainah', 'L', 59, 92, 'TINGGI', 'TINGGI', 'SESUAI'),
(53, 53, 62, '0000-00-00 00:00:00', '00692620', 'Ngadimin', 'P', 83, 100, 'TINGGI', 'TINGGI', 'SESUAI'),
(54, 54, 67, '2018-05-24 10:50:04', '01328980', 'Yulina Siwi', 'P', 54, 100, 'TINGGI', 'TINGGI', 'SESUAI'),
(55, 55, 68, '2018-05-24 10:50:05', '01815464', 'Slamet Tjolle', 'L', 54, 60, 'TINGGI', 'TINGGI', 'SESUAI'),
(56, 56, 70, '2018-05-24 10:50:07', '01701605', 'Suhardani', 'L', 50, 60, 'TINGGI', 'TINGGI', 'SESUAI'),
(57, 57, 71, '2018-05-24 10:50:08', '00431998', 'Weni Puji', 'P', 49, 10, 'RENDAH', 'RENDAH', 'SESUAI'),
(58, 58, 72, '2018-05-24 10:50:09', '01595996', 'Mardilah', 'P', 65, 100, 'TINGGI', 'TINGGI', 'SESUAI'),
(59, 59, 76, '2018-05-24 10:50:13', '01489832', 'Budi Siswanto', 'L', 74, 60, 'TINGGI', 'TINGGI', 'SESUAI'),
(60, 60, 79, '2018-05-24 10:50:16', '00501807', 'Nuryanto', 'L', 53, 60, 'TINGGI', 'TINGGI', 'SESUAI'),
(61, 61, 80, '2018-05-24 10:50:17', '01830004', 'Syamsul Rizal', 'L', 59, 92, 'TINGGI', 'TINGGI', 'SESUAI'),
(62, 62, 81, '2018-05-24 10:50:18', '01802149', 'Sri Hatarani', 'P', 75, 100, 'TINGGI', 'SEDANG', 'TIDAK SESUAI'),
(63, 63, 86, '2018-05-24 10:50:23', '01435851', 'Suhartono', 'L', 53, 60, 'TINGGI', 'TINGGI', 'SESUAI'),
(64, 64, 87, '2018-05-24 10:50:24', '01196122', 'Amalia Ratna', 'P', 32, 10, 'RENDAH', 'RENDAH', 'SESUAI'),
(65, 65, 91, '2018-05-24 10:50:28', '01774677', 'Rasiyem', 'P', 70, 15, 'SEDANG', 'RENDAH', 'TIDAK SESUAI'),
(66, 66, 93, '2018-05-24 10:50:30', '01815274', 'Ramelan', 'L', 53, 44, 'TINGGI', 'SEDANG', 'TIDAK SESUAI'),
(67, 67, 98, '2018-05-24 10:50:35', '01800558', 'Sutarmi', 'P', 54, 100, 'TINGGI', 'SEDANG', 'TIDAK SESUAI'),
(68, 68, 103, '2018-05-24 10:50:40', '01114424', 'Tri Astuti', 'P', 33, 10, 'RENDAH', 'RENDAH', 'SESUAI'),
(69, 69, 104, '2018-05-24 10:50:41', '01764415', 'Waliyem', 'P', 67, 20, 'SEDANG', 'SEDANG', 'SESUAI'),
(70, 70, 106, '2018-05-24 10:50:43', '01822213', 'Yulius Agus Sutopo', 'L', 50, 60, 'TINGGI', 'TINGGI', 'SESUAI'),
(71, 71, 107, '2018-05-24 10:50:44', '01788214', 'Nur Rahmatilah', 'P', 25, 10, 'RENDAH', 'RENDAH', 'SESUAI'),
(72, 72, 109, '2018-05-24 10:50:46', '01777828', 'Retvi Arshanti', 'P', 20, 10, 'RENDAH', 'RENDAH', 'SESUAI'),
(73, 73, 112, '2018-05-24 10:50:49', '01824949', 'Etty Lestari', 'P', 57, 100, 'TINGGI', 'SEDANG', 'TIDAK SESUAI'),
(74, 74, 113, '2018-05-24 10:50:50', '01816484', 'Siti Maesaroh', 'P', 28, 10, 'RENDAH', 'RENDAH', 'SESUAI'),
(75, 75, 114, '2018-05-24 10:50:51', '01823292', 'Intando Reasi Supriyani', 'P', 26, 10, 'RENDAH', 'RENDAH', 'SESUAI'),
(76, 76, 119, '2018-05-24 10:50:56', '01817382', 'Sugiharto', 'L', 66, 60, 'TINGGI', 'TINGGI', 'SESUAI'),
(77, 77, 120, '2018-05-24 10:50:57', '01329777', 'Marlina Wulansari', 'P', 33, 10, 'RENDAH', 'RENDAH', 'SESUAI'),
(78, 78, 121, '2018-05-24 10:50:58', '01509860', 'Suyatno Stephanus', 'L', 75, 60, 'TINGGI', 'TINGGI', 'SESUAI'),
(79, 79, 122, '2018-05-24 10:50:59', '01774654', 'Galuh Arifin Syad', 'P', 23, 10, 'RENDAH', 'RENDAH', 'SESUAI'),
(80, 80, 123, '0000-00-00 00:00:00', '01722850', 'Ratna Apriliani', 'P', 22, 10, 'RENDAH', 'RENDAH', 'SESUAI'),
(81, 81, 125, '0000-00-00 00:00:00', '01829868', 'Agus Sugiyarno', 'L', 55, 86.6667, 'TINGGI', 'TINGGI', 'SESUAI'),
(82, 82, 2, '2018-05-24 10:49:00', '01840400', 'Ardytiawarman GA', 'L', 32, 10, 'RENDAH', 'RENDAH', 'SESUAI');

-- --------------------------------------------------------

--
-- Struktur dari tabel `tb_variabel`
--

CREATE TABLE `tb_variabel` (
  `id_variabel` int(4) NOT NULL,
  `nama_variabel` varchar(30) NOT NULL,
  `keterangan` text NOT NULL,
  `kelompok` int(1) NOT NULL
) ENGINE=InnoDB DEFAULT CHARSET=latin1;

--
-- Dumping data untuk tabel `tb_variabel`
--

INSERT INTO `tb_variabel` (`id_variabel`, `nama_variabel`, `keterangan`, `kelompok`) VALUES
(1, 'Gender', 'Gender Pasien', 1),
(2, 'Usia', 'Umur', 2),
(3, 'Tekanan Darah', 'Nilai Tekanan Darah (Sistol)', 3),
(4, 'Treatment Hipertensi', 'Menjalani Pengobatan Hipertensi', 4),
(5, 'Merokok', 'Smoker / Perokok', 5),
(6, 'Gula Darah', 'Memiliki kadar gula darah Tinggi (Diabet)', 6),
(7, 'BMI', 'Body Mass Index', 7);

--
-- Indexes for dumped tables
--

--
-- Indexes for table `tb_diagnosa`
--
ALTER TABLE `tb_diagnosa`
  ADD PRIMARY KEY (`id_diagnosa`),
  ADD KEY `id_diagnosa` (`id_diagnosa`,`nama_diagnosa`);

--
-- Indexes for table `tb_hasil`
--
ALTER TABLE `tb_hasil`
  ADD PRIMARY KEY (`id_hasil`),
  ADD KEY `id_hasil` (`id_hasil`,`id_periksa`,`id_diagnosa`,`z_score`),
  ADD KEY `id_diagnosa` (`id_diagnosa`),
  ADD KEY `id_periksa` (`id_periksa`);

--
-- Indexes for table `tb_hasil_periksa`
--
ALTER TABLE `tb_hasil_periksa`
  ADD PRIMARY KEY (`id_hasil_periksa`),
  ADD KEY `id_hasil_periksa` (`id_hasil_periksa`,`id_periksa`,`id_variabel`,`id_keanggotaan`,`mem_func`),
  ADD KEY `id_keanggotaan` (`id_keanggotaan`),
  ADD KEY `id_variabel` (`id_variabel`),
  ADD KEY `id_periksa` (`id_periksa`);

--
-- Indexes for table `tb_keanggotaan`
--
ALTER TABLE `tb_keanggotaan`
  ADD PRIMARY KEY (`id_keanggotaan`),
  ADD KEY `id_keanggotaan` (`id_keanggotaan`,`id_variabel`,`keterangan`,`b_bawah`,`b_tengah`,`b_atas`),
  ADD KEY `id_variabel` (`id_variabel`);

--
-- Indexes for table `tb_kesimpulan`
--
ALTER TABLE `tb_kesimpulan`
  ADD PRIMARY KEY (`id_kesimpulan`);

--
-- Indexes for table `tb_login`
--
ALTER TABLE `tb_login`
  ADD PRIMARY KEY (`username`),
  ADD KEY `username` (`username`,`password`,`stts`),
  ADD KEY `username_2` (`username`,`password`,`stts`);

--
-- Indexes for table `tb_periksa`
--
ALTER TABLE `tb_periksa`
  ADD PRIMARY KEY (`id_periksa`),
  ADD KEY `id_periksa` (`id_periksa`,`username`,`var_sistol`,`var_diastol`,`var_GD`,`var_smoker`,`var_BMI`,`var_usia`,`var_gender`,`tgl_test`),
  ADD KEY `id_user` (`username`),
  ADD KEY `id_periksa_2` (`id_periksa`,`username`,`var_gender`,`var_usia`,`var_sistol`,`var_diastol`,`var_HT`,`var_smoker`,`GD`,`var_GD`,`tinggi`,`berat`,`var_BMI`,`tgl_test`,`valid`);

--
-- Indexes for table `tb_petugas`
--
ALTER TABLE `tb_petugas`
  ADD PRIMARY KEY (`id_petugas`),
  ADD KEY `id_petugas` (`id_petugas`,`username`,`nama`,`img`,`gender`,`hp`),
  ADD KEY `username` (`username`);

--
-- Indexes for table `tb_rule`
--
ALTER TABLE `tb_rule`
  ADD PRIMARY KEY (`id_rule`);

--
-- Indexes for table `tb_user`
--
ALTER TABLE `tb_user`
  ADD PRIMARY KEY (`id_user`),
  ADD KEY `id_user` (`id_user`,`username`,`nama_lengkap`,`alamat_lengkap`,`gender`,`tempat`,`tgl_lahir`,`img`,`no_hp`,`email`),
  ADD KEY `username` (`username`),
  ADD KEY `id_user_2` (`id_user`,`username`,`nama_lengkap`,`alamat_lengkap`,`gender`,`tempat`,`tgl_lahir`,`img`,`no_hp`,`email`,`active`);

--
-- Indexes for table `tb_validasi`
--
ALTER TABLE `tb_validasi`
  ADD PRIMARY KEY (`id_validasi`),
  ADD KEY `id_validasi` (`id_validasi`,`id_kesimpulan`,`id_periksa`,`tgl_test`,`username`,`nama_lengkap`,`jenis_kelamin`,`usia`,`z_total`,`nama_diagnosa`,`validasi_pakar`,`keterangan`),
  ADD KEY `id_periksa` (`id_periksa`),
  ADD KEY `id_kesimpulan` (`id_kesimpulan`);

--
-- Indexes for table `tb_variabel`
--
ALTER TABLE `tb_variabel`
  ADD PRIMARY KEY (`id_variabel`),
  ADD KEY `id_variabel` (`id_variabel`,`nama_variabel`);

--
-- AUTO_INCREMENT for dumped tables
--

--
-- AUTO_INCREMENT for table `tb_diagnosa`
--
ALTER TABLE `tb_diagnosa`
  MODIFY `id_diagnosa` int(5) NOT NULL AUTO_INCREMENT, AUTO_INCREMENT=5;
--
-- AUTO_INCREMENT for table `tb_hasil`
--
ALTER TABLE `tb_hasil`
  MODIFY `id_hasil` int(11) NOT NULL AUTO_INCREMENT, AUTO_INCREMENT=218;
--
-- AUTO_INCREMENT for table `tb_hasil_periksa`
--
ALTER TABLE `tb_hasil_periksa`
  MODIFY `id_hasil_periksa` int(11) NOT NULL AUTO_INCREMENT, AUTO_INCREMENT=2022;
--
-- AUTO_INCREMENT for table `tb_keanggotaan`
--
ALTER TABLE `tb_keanggotaan`
  MODIFY `id_keanggotaan` int(10) NOT NULL AUTO_INCREMENT, AUTO_INCREMENT=19;
--
-- AUTO_INCREMENT for table `tb_kesimpulan`
--
ALTER TABLE `tb_kesimpulan`
  MODIFY `id_kesimpulan` int(8) NOT NULL AUTO_INCREMENT, AUTO_INCREMENT=83;
--
-- AUTO_INCREMENT for table `tb_periksa`
--
ALTER TABLE `tb_periksa`
  MODIFY `id_periksa` int(10) NOT NULL AUTO_INCREMENT, AUTO_INCREMENT=128;
--
-- AUTO_INCREMENT for table `tb_petugas`
--
ALTER TABLE `tb_petugas`
  MODIFY `id_petugas` int(10) NOT NULL AUTO_INCREMENT, AUTO_INCREMENT=3;
--
-- AUTO_INCREMENT for table `tb_rule`
--
ALTER TABLE `tb_rule`
  MODIFY `id_rule` int(11) NOT NULL AUTO_INCREMENT, AUTO_INCREMENT=433;
--
-- AUTO_INCREMENT for table `tb_user`
--
ALTER TABLE `tb_user`
  MODIFY `id_user` int(11) NOT NULL AUTO_INCREMENT, AUTO_INCREMENT=129;
--
-- AUTO_INCREMENT for table `tb_validasi`
--
ALTER TABLE `tb_validasi`
  MODIFY `id_validasi` int(11) NOT NULL AUTO_INCREMENT, AUTO_INCREMENT=83;
--
-- AUTO_INCREMENT for table `tb_variabel`
--
ALTER TABLE `tb_variabel`
  MODIFY `id_variabel` int(4) NOT NULL AUTO_INCREMENT, AUTO_INCREMENT=8;
--
-- Ketidakleluasaan untuk tabel pelimpahan (Dumped Tables)
--

--
-- Ketidakleluasaan untuk tabel `tb_hasil`
--
ALTER TABLE `tb_hasil`
  ADD CONSTRAINT `tb_hasil_ibfk_1` FOREIGN KEY (`id_diagnosa`) REFERENCES `tb_diagnosa` (`id_diagnosa`) ON DELETE CASCADE ON UPDATE CASCADE,
  ADD CONSTRAINT `tb_hasil_ibfk_2` FOREIGN KEY (`id_periksa`) REFERENCES `tb_periksa` (`id_periksa`) ON DELETE CASCADE ON UPDATE CASCADE;

--
-- Ketidakleluasaan untuk tabel `tb_hasil_periksa`
--
ALTER TABLE `tb_hasil_periksa`
  ADD CONSTRAINT `tb_hasil_periksa_ibfk_1` FOREIGN KEY (`id_variabel`) REFERENCES `tb_variabel` (`id_variabel`) ON DELETE CASCADE ON UPDATE CASCADE,
  ADD CONSTRAINT `tb_hasil_periksa_ibfk_2` FOREIGN KEY (`id_keanggotaan`) REFERENCES `tb_keanggotaan` (`id_keanggotaan`) ON DELETE CASCADE ON UPDATE CASCADE,
  ADD CONSTRAINT `tb_hasil_periksa_ibfk_3` FOREIGN KEY (`id_periksa`) REFERENCES `tb_periksa` (`id_periksa`) ON DELETE CASCADE ON UPDATE CASCADE;

--
-- Ketidakleluasaan untuk tabel `tb_keanggotaan`
--
ALTER TABLE `tb_keanggotaan`
  ADD CONSTRAINT `tb_keanggotaan_ibfk_1` FOREIGN KEY (`id_variabel`) REFERENCES `tb_variabel` (`id_variabel`) ON DELETE CASCADE ON UPDATE CASCADE;

--
-- Ketidakleluasaan untuk tabel `tb_periksa`
--
ALTER TABLE `tb_periksa`
  ADD CONSTRAINT `tb_periksa_ibfk_1` FOREIGN KEY (`username`) REFERENCES `tb_user` (`username`) ON DELETE CASCADE ON UPDATE CASCADE;

--
-- Ketidakleluasaan untuk tabel `tb_petugas`
--
ALTER TABLE `tb_petugas`
  ADD CONSTRAINT `tb_petugas_ibfk_1` FOREIGN KEY (`username`) REFERENCES `tb_login` (`username`) ON DELETE CASCADE ON UPDATE CASCADE;

--
-- Ketidakleluasaan untuk tabel `tb_user`
--
ALTER TABLE `tb_user`
  ADD CONSTRAINT `tb_user_ibfk_1` FOREIGN KEY (`username`) REFERENCES `tb_login` (`username`) ON DELETE CASCADE ON UPDATE CASCADE;

--
-- Ketidakleluasaan untuk tabel `tb_validasi`
--
ALTER TABLE `tb_validasi`
  ADD CONSTRAINT `tb_validasi_ibfk_1` FOREIGN KEY (`id_periksa`) REFERENCES `tb_periksa` (`id_periksa`) ON DELETE CASCADE ON UPDATE CASCADE,
  ADD CONSTRAINT `tb_validasi_ibfk_2` FOREIGN KEY (`id_kesimpulan`) REFERENCES `tb_kesimpulan` (`id_kesimpulan`) ON DELETE CASCADE ON UPDATE CASCADE;

/*!40101 SET CHARACTER_SET_CLIENT=@OLD_CHARACTER_SET_CLIENT */;
/*!40101 SET CHARACTER_SET_RESULTS=@OLD_CHARACTER_SET_RESULTS */;
/*!40101 SET COLLATION_CONNECTION=@OLD_COLLATION_CONNECTION */;
